iucn_sid,years,cat_ts,scores,pop_trend_desc,calc_trend
222,"1994, 1996, 2004","VU, VU, VU","0.4, 0.4, 0.4",decreasing,-0
224,"1996, 2010","VU, CR","0.4, 0.8",decreasing,NA
225,"1996, 2010","EN, CR","0.6, 0.8",decreasing,NA
229,"1996, 2010","EN, CR","0.6, 0.8",decreasing,NA
230,"1994, 1996, 2010","EN, CR, CR","0.6, 0.8, 0.8",decreasing,0.00789
232,"1996, 2010","EN, CR","0.6, 0.8",decreasing,NA
233,"1996, 2006","VU, NT","0.4, 0.2",stable,NA
234,"1996, 2004","NT, LC","0.2, 0",stable,NA
236,"1996, 2010","EN, CR","0.6, 0.8",decreasing,NA
241,"1996, 2010","EN, CR","0.6, 0.8",decreasing,NA
245,"1996, 2006","NT, NT","0.2, 0.2",increasing,NA
697,"1996, 2016","LC, LC","0, 0",unknown,NA
1086,"1994, 1996, 2004","EN, VU, VU","0.6, 0.4, 0.4",unknown,-0.01429
1308,"1996, 2015","EN, LC","0.6, 0",unknown,NA
1615,"1996, 2015","VU, LC","0.4, 0",unknown,NA
2055,"1996, 2008, 2016","LC, LC, LC","0, 0, 0",increasing,0
2057,"1996, 2008, 2015","VU, EN, EN","0.4, 0.6, 0.6",decreasing,0.01119
2058,"1996, 2008, 2014, 2016","LC, LC, LC, LC","0, 0, 0, 0",decreasing,0
2059,"1994, 1996, 2008, 2015","VU, VU, NT, LC","0.4, 0.4, 0.2, 0",increasing,-0.01891
2060,"1996, 2008, 2015","LC, LC, LC","0, 0, 0",increasing,0
2061,"1994, 1996, 2008, 2015","VU, VU, NT, LC","0.4, 0.4, 0.2, 0",increasing,-0.01891
2062,"1996, 2008, 2015","LC, LC, LC","0, 0, 0",stable,0
2467,"1994, 1996, 2008, 2012","VU, VU, LC, LC","0.4, 0.4, 0, 0",increasing,-0.02553
2474,"1996, 2008","NT, LC","0.2, 0",stable,NA
2475,"1994, 1996, 2008","VU, EN, EN","0.4, 0.6, 0.6",unknown,0.0093
2477,"1994, 1996, 2008","EN, EN, EN","0.6, 0.6, 0.6",increasing,-0
2478,"1994, 1996, 2008, 2013","VU, EN, EN, EN","0.4, 0.6, 0.6, 0.6",unknown,0.00687
2539,"1996, 2015","VU, NT","0.4, 0.2",decreasing,NA
3381,"1996, 2010, 2012, 2017","NT, LC, LC, LC","0.2, 0, 0, 0",stable,-0.0105
3590,"1996, 2008, 2015","VU, VU, VU","0.4, 0.4, 0.4",decreasing,-0
3851,"1996, 2000, 2009","VU, NT, NT","0.4, 0.2, 0.2",unknown,-0.01278
3852,"1996, 2000, 2009","EN, NT, VU","0.6, 0.2, 0.4",decreasing,-0.00902
3853,"1996, 2000, 2009","VU, NT, VU","0.4, 0.2, 0.4",decreasing,0.00376
3854,"1996, 2000, 2009","EN, VU, VU","0.6, 0.4, 0.4",unknown,-0.01278
3855,"1996, 2000, 2009","VU, VU, VU","0.4, 0.4, 0.4",unknown,-0
3897,"1994, 1996, 2015, 2017","VU, EN, VU, VU","0.4, 0.6, 0.4, 0.4",decreasing,-0.00427
4160,"2008, 2013, 2017","NT, NT, NT","0.2, 0.2, 0.2",decreasing,-0
4162,"1996, 2000, 2008, 2013","VU, EN, EN, EN","0.4, 0.6, 0.6, 0.6",decreasing,0.00934
4292,"1996, 2000, 2005","VU, VU, VU","0.4, 0.4, 0.4",decreasing,-0
4362,"1996, 2010","VU, LC","0.4, 0",stable,NA
4364,"1996, 2010","VU, LC","0.4, 0",stable,NA
4592,"1996, 2004","VU, EN","0.4, 0.6",decreasing,NA
4615,"1994, 1996, 2004","EN, EN, EN","0.6, 0.6, 0.6",decreasing,-0
5360,"2008, 2011","LC, LC","0, 0",unknown,NA
5363,"1996, 2008","LC, LC","0, 0",unknown,NA
5659,"1994, 1996, 2012","VU, VU, VU","0.4, 0.4, 0.4",increasing,-0
5675,"1996, 2007","NT, LC","0.2, 0",unknown,NA
6204,"1996, 2008, 2016","LC, VU, VU","0, 0.4, 0.4",unknown,0.02105
6229,"1996, 1996, 2009","NT, VU, NT","0.2, 0.4, 0.2",unknown,-0.00769
6335,"1996, 2008, 2012, 2017","VU, NT, NT, LC","0.4, 0.2, 0.2, 0",unknown,-0.01745
6336,"1996, 2008","LC, LC","0, 0",unknown,NA
6494,"1994, 1996, 2000, 2013","EN, EN, CR, VU","0.6, 0.6, 0.8, 0.4",decreasing,-0.01189
6909,"1994, 1996, 2006, 2008, 2015","VU, VU, VU, VU, VU","0.4, 0.4, 0.4, 0.4, 0.4",decreasing,0
7135,"1996, 2010, 2012, 2017","NT, LC, LC, LC","0.2, 0, 0, 0",stable,-0.0105
7750,"1996, 2000, 2008, 2011, 2015","LC, EN, EN, EN, EN","0, 0.6, 0.6, 0.6, 0.6",decreasing,0.02439
7854,"1996, 2006","CR, CR","0.8, 0.8",unknown,NA
7858,"1996, 2006","VU, VU","0.4, 0.4",decreasing,NA
7859,"1996, 2004","NT, EN","0.2, 0.6",decreasing,NA
7860,"1996, 2006","CR, CR","0.8, 0.8",unknown,NA
7861,"1996, 2007, 2008","VU, VU, VU","0.4, 0.4, 0.4",decreasing,-0
7862,"1996, 2003","EN, EN","0.6, 0.6",decreasing,NA
8005,"1994, 1996, 2008","EN, CR, CR","0.6, 0.8, 0.8",decreasing,0.0093
8010,"1996, 2008, 2016","LC, LC, LC","0, 0, 0",unknown,0
8097,"1996, 2008","VU, LC","0.4, 0",stable,NA
8153,"1994, 1996, 2008, 2013","VU, VU, LC, LC","0.4, 0.4, 0, 0",increasing,-0.02434
8239,"1994, 1996, 2008, 2012, 2016","VU, EN, EN, NT, NT","0.4, 0.6, 0.6, 0.2, 0.2",increasing,-0.01261
8951,"1996, 2008, 2010, 2013, 2015","LC, LC, LC, LC, LC","0, 0, 0, 0, 0",stable,0
9266,"1996, 2012, 2017","NT, LC, LC","0.2, 0, 0",stable,-0.01025
9281,"1996, 2007","CR, CR","0.8, 0.8",decreasing,NA
9461,"2008, 2012","LC, LC","0, 0",unknown,NA
9660,"1996, 2008, 2016","LC, LC, LC","0, 0, 0",increasing,0
10030,"1996, 2000, 2005","VU, NT, NT","0.4, 0.2, 0.2",unknown,-0.02131
10057,"1996, 2017","VU, LC","0.4, 0",unknown,NA
10066,"1996, 2003, 2017","VU, VU, VU","0.4, 0.4, 0.4",decreasing,-0
10070,"2012, 2017","VU, VU","0.4, 0.4",decreasing,NA
10072,"1996, 2003, 2012, 2017","VU, VU, VU, VU","0.4, 0.4, 0.4, 0.4",decreasing,0
10074,"1996, 2017","VU, LC","0.4, 0",unknown,NA
10075,"1996, 2003, 2014","VU, VU, VU","0.4, 0.4, 0.4",decreasing,-0
10082,"1996, 2017","VU, NT","0.4, 0.2",decreasing,NA
10083,"1996, 2010, 2017","VU, LC, LC","0.4, 0, 0",unknown,-0.02041
10087,"1996, 2003, 2015","VU, VU, VU","0.4, 0.4, 0.4",decreasing,-0
10088,"1996, 2017","VU, EN","0.4, 0.6",decreasing,NA
10089,"1996, 2017","VU, LC","0.4, 0",stable,NA
10269,"1996, 2010","EN, CR","0.6, 0.8",decreasing,NA
10340,"1996, 2008, 2015","LC, LC, LC","0, 0, 0",unknown,0
10708,"1996, 2008","VU, LC","0.4, 0",unknown,NA
11030,"1996, 2008","LC, LC","0, 0",unknown,NA
11130,"1996, 2010","VU, VU","0.4, 0.4",decreasing,NA
11140,"2008, 2012","LC, LC","0, 0",unknown,NA
11141,"1996, 2008","LC, LC","0, 0",unknown,NA
11142,"1996, 2008, 2012","LC, LC, LC","0, 0, 0",unknown,0
11144,"1996, 2008","LC, LC","0, 0",unknown,NA
11145,"1996, 2008, 2012","LC, LC, LC","0, 0, 0",unknown,0
11200,"1996, 2000, 2006","VU, NT, VU","0.4, 0.2, 0.4",decreasing,0.00263
11206,"1996, 2008","NT, LC","0.2, 0",unknown,NA
11375,"1994, 1996, 2000","VU, EN, CR","0.4, 0.6, 0.8",unknown,0.06429
11534,"1994, 1996, 2008","EN, EN, VU","0.6, 0.6, 0.4",decreasing,-0.01512
11696,"1996, 2008, 2015","LC, LC, LC","0, 0, 0",unknown,0
11987,"1996, 2016","NT, VU","0.2, 0.4",decreasing,NA
12125,"1996, 2008, 2012","LC, LC, LC","0, 0, 0",unknown,0
12137,"1996, 2014","VU, EN","0.4, 0.6",decreasing,NA
12246,"1996, 2008, 2015","LC, LC, LC","0, 0, 0",unknown,0
12416,"1996, 2016","VU, NT","0.4, 0.2",decreasing,NA
12417,"1996, 2016","VU, VU","0.4, 0.4",decreasing,NA
12419,"1996, 2000, 2004, 2008, 2015","LC, VU, NT, NT, NT","0, 0.4, 0.2, 0.2, 0.2",decreasing,0.0037200000000000002
13006,"1994, 1996, 2008","VU, VU, LC","0.4, 0.4, 0",increasing,-0.03023
13581,"1996, 2008, 2015","LC, LC, LC","0, 0, 0",increasing,0
13583,"1996, 2008, 2015","LC, LC, LC","0, 0, 0",stable,0
13653,"1994, 1996, 2008, 2013, 2015","EN, CR, CR, CR, EN","0.6, 0.8, 0.8, 0.8, 0.6",increasing,7.5e-4
13654,"1994, 1996, 2008, 2015","EN, EN, CR, EN","0.6, 0.6, 0.8, 0.6",decreasing,0.00318
13704,"2008, 2012, 2017","NT, NT, LC","0.2, 0.2, 0",unknown,-0.02295
14049,"1996, 2007, 2008","VU, EN, EN","0.4, 0.6, 0.6",decreasing,0.01729
14050,"1996, 2008","VU, LC","0.4, 0",decreasing,NA
14051,"1996, 2007, 2008, 2015","VU, VU, VU, VU","0.4, 0.4, 0.4, 0.4",unknown,0
14052,"1996, 2008","VU, NT","0.4, 0.2",decreasing,NA
14053,"1996, 2007, 2008","VU, VU, VU","0.4, 0.4, 0.4",decreasing,-0
14214,"1994, 1996, 2008, 2013","VU, LC, LC, LC","0.4, 0, 0, 0",stable,-0.01374
14264,"1994, 1996","EN, LC","0.6, 0",decreasing,NA
14549,"1994, 1996, 2008, 2015","EN, LC, EN, EN","0.6, 0, 0.6, 0.6",decreasing,0.01456
15106,"1996, 2016","LC, VU","0, 0.4",unknown,NA
15239,"1996, 2010","NT, LC","0.2, 0",unknown,NA
15269,"1996, 2008, 2015","LC, LC, LC","0, 0, 0",unknown,0
15419,"2008, 2017","VU, EN","0.4, 0.6",decreasing,NA
15873,"1996, 2014","EN, LC","0.6, 0",unknown,NA
16012,"1996, 2017","NT, LC","0.2, 0",unknown,NA
16564,"1996, 2008","LC, LC","0, 0",unknown,NA
16781,"1996, 2008, 2013","LC, LC, LC","0, 0, 0",stable,0
17013,"1996, 2008, 2016","LC, LC, LC","0, 0, 0",unknown,0
17023,"1996, 2016","LC, LC","0, 0",unknown,NA
17026,"1994, 1996, 2008, 2015","VU, VU, VU, EN","0.4, 0.4, 0.4, 0.6",decreasing,0.00787
17027,"1996, 2008","VU, LC","0.4, 0",unknown,NA
17028,"1994, 1996, 2007, 2008, 2017","EN, CR, CR, CR, CR","0.6, 0.8, 0.8, 0.8, 0.8",decreasing,0.00582
17032,"1996, 2008, 2012","VU, LC, LC","0.4, 0, 0",unknown,-0.02692
17096,"2006, 2017","NT, LC","0.2, 0",decreasing,NA
17177,"2006, 2017","NT, LC","0.2, 0",decreasing,NA
17978,"2008, 2012, 2017","VU, VU, VU","0.4, 0.4, 0.4",decreasing,-0
18175,"1996, 2000, 2006, 2013","EN, EN, CR, CR","0.6, 0.6, 0.8, 0.8",decreasing,0.01396
18376,"1996, 2011, 2014","LC, LC, LC","0, 0, 0",unknown,0
18878,"1996, 2008, 2013","LC, LC, LC","0, 0, 0",stable,0
19388,"1996, 2012","NT, LC","0.2, 0",stable,NA
19488,"2000, 2005, 2016","VU, VU, EN","0.4, 0.4, 0.6",decreasing,0.01343
19861,"1996, 2008","LC, LC","0, 0",unknown,NA
19877,"1996, 2008","LC, LC","0, 0",unknown,NA
19899,"1996, 2015","VU, EN","0.4, 0.6",unknown,NA
19950,"1996, 2012","VU, NT","0.4, 0.2",decreasing,NA
20047,"1996, 2011","EN, VU","0.6, 0.4",decreasing,NA
20317,"1996, 2017","VU, LC","0.4, 0",unknown,NA
20425,"2008, 2012, 2017","VU, VU, CR","0.4, 0.4, 0.8",decreasing,0.0459
20729,"1996, 2008, 2012","VU, LC, LC","0.4, 0, 0",unknown,-0.02692
20731,"1996, 2008","VU, LC","0.4, 0",unknown,NA
20738,"2008, 2012","LC, LC","0, 0",unknown,NA
20795,"1996, 2004","CR, CR","0.8, 0.8",unknown,NA
21257,"2008, 2016","LC, LC","0, 0",unknown,NA
21857,"1996, 2011","LC, NT","0, 0.2",decreasing,NA
21858,"1996, 2011","CR, CR","0.8, 0.8",decreasing,NA
21859,"1996, 2011","VU, VU","0.4, 0.4",decreasing,NA
22003,"1994, 1996, 2010","EN, CR, CR","0.6, 0.8, 0.8",decreasing,0.00789
22103,"1994, 1996, 2007, 2008","VU, VU, VU, VU","0.4, 0.4, 0.4, 0.4",decreasing,0
22563,"2008, 2012","LC, LC","0, 0",unknown,NA
39303,"1996, 2008","VU, NT","0.4, 0.2",decreasing,NA
39327,"2000, 2003, 2016","NT, LC, LC","0.2, 0, 0",stable,-0.00876
39328,"2000, 2005, 2016","NT, NT, NT","0.2, 0.2, 0.2",decreasing,-0
39330,"2000, 2007","VU, EN","0.4, 0.6",decreasing,NA
39332,"2000, 2006","VU, CR","0.4, 0.8",decreasing,NA
39334,"2000, 2005, 2015","LC, LC, LC","0, 0, 0",stable,0
39337,"2000, 2005","NT, NT","0.2, 0.2",unknown,NA
39341,"2000, 2009","NT, VU","0.2, 0.4",decreasing,NA
39345,"2000, 2009","NT, NT","0.2, 0.2",unknown,NA
39346,"2000, 2009","NT, VU","0.2, 0.4",unknown,NA
39348,"2000, 2005","NT, NT","0.2, 0.2",unknown,NA
39349,"2000, 2004","NT, NT","0.2, 0.2",unknown,NA
39350,"2000, 2005","NT, NT","0.2, 0.2",unknown,NA
39351,"2000, 2003, 2016","VU, LC, LC","0.4, 0, 0",increasing,-0.01751
39352,"2000, 2006","VU, VU","0.4, 0.4",decreasing,NA
39353,"2000, 2006","EN, EN","0.6, 0.6",unknown,NA
39354,"2000, 2005, 2016","NT, NT, LC","0.2, 0.2, 0",stable,-0.01343
39355,"2000, 2003, 2016","VU, LC, LC","0.4, 0, 0",stable,-0.01751
39356,"2000, 2003","VU, LC","0.4, 0",increasing,NA
39357,"2000, 2009","LC, LC","0, 0",unknown,NA
39358,"2000, 2009","LC, VU","0, 0.4",decreasing,NA
39359,"2000, 2005","NT, NT","0.2, 0.2",unknown,NA
39362,"2000, 2009","NT, NT","0.2, 0.2",unknown,NA
39365,"2000, 2009","NT, NT","0.2, 0.2",unknown,NA
39367,"2000, 2009","EN, EN","0.6, 0.6",unknown,NA
39368,"2000, 2009","NT, NT","0.2, 0.2",unknown,NA
39369,"2000, 2003","VU, CR","0.4, 0.8",unknown,NA
39370,"2000, 2009, 2016, 2017","LC, NT, NT, VU","0, 0.2, 0.2, 0.4",decreasing,0.01838
39372,"2000, 2009","NT, NT","0.2, 0.2",unknown,NA
39374,"2000, 2006, 2015","NT, VU, VU","0.2, 0.4, 0.4",decreasing,0.01228
39375,"2000, 2009","NT, NT","0.2, 0.2",decreasing,NA
39378,"2000, 2009","NT, NT","0.2, 0.2",unknown,NA
39380,"2000, 2009, 2015","NT, NT, NT","0.2, 0.2, 0.2",unknown,-0
39381,"2000, 2009","NT, NT","0.2, 0.2",unknown,NA
39383,"2000, 2009","NT, NT","0.2, 0.2",unknown,NA
39384,"2000, 2005","NT, NT","0.2, 0.2",unknown,NA
39385,"2000, 2007","NT, EN","0.2, 0.6",unknown,NA
39387,"2000, 2005, 2016","LC, LC, LC","0, 0, 0",stable,0
39388,"2000, 2005","NT, VU","0.2, 0.4",decreasing,NA
39389,"2000, 2006, 2013","EN, CR, EN","0.6, 0.8, 0.6",decreasing,-7.9e-4
39393,"2000, 2006, 2013","EN, CR, CR","0.6, 0.8, 0.8",decreasing,0.01496
39396,"2000, 2005, 2015","LC, LC, LC","0, 0, 0",unknown,0
39397,"2000, 2006","EN, CR","0.6, 0.8",decreasing,NA
39399,"2000, 2005, 2016","NT, NT, NT","0.2, 0.2, 0.2",decreasing,-0
39400,"2000, 2006","NT, NT","0.2, 0.2",decreasing,NA
39412,"2000, 2005","NT, NT","0.2, 0.2",unknown,NA
39413,"2000, 2005, 2016","VU, VU, VU","0.4, 0.4, 0.4",decreasing,-0
39416,"2000, 2006, 2015","LC, LC, LC","0, 0, 0",unknown,0
39418,"2000, 2006, 2015","VU, EN, EN","0.4, 0.6, 0.6",decreasing,0.01228
39771,"2000, 2003","VU, EN","0.4, 0.6",stable,NA
39774,"2007, 2008","VU, VU","0.4, 0.4",decreasing,NA
40797,"2000, 2009","NT, NT","0.2, 0.2",unknown,NA
40802,"1996, 2002, 2012, 2017","VU, VU, VU, VU","0.4, 0.4, 0.4, 0.4",decreasing,0
41005,"1996, 2017","VU, VU","0.4, 0.4",decreasing,NA
41007,"2012, 2017","VU, VU","0.4, 0.4",decreasing,NA
41008,"2002, 2015","VU, VU","0.4, 0.4",decreasing,NA
41010,"2012, 2017","VU, VU","0.4, 0.4",decreasing,NA
41064,"2000, 2007, 2016","CR, CR, CR","0.8, 0.8, 0.8",decreasing,-0
41664,"1996, 2008, 2015","LC, LC, LC","0, 0, 0",increasing,0
41665,"1996, 2008, 2014, 2016","LC, LC, LC, LC","0, 0, 0, 0",stable,0
41666,"1996, 2008, 2015","LC, LC, LC","0, 0, 0",increasing,0
41668,"1996, 2008, 2015","VU, EN, EN","0.4, 0.6, 0.6",decreasing,0.01119
41670,"1996, 2016","LC, LC","0, 0",unknown,NA
41671,"1996, 2008, 2015","LC, LC, LC","0, 0, 0",increasing,0
41672,"1996, 2008, 2016","LC, LC, LC","0, 0, 0",unknown,0
41711,"1996, 2008","EN, EN","0.6, 0.6",unknown,NA
41712,"2008, 2012","EN, EN","0.6, 0.6",unknown,NA
41718,"2003, 2015","NT, LC","0.2, 0",unknown,NA
41722,"2003, 2016","LC, LC","0, 0",unknown,NA
41723,"2003, 2016","LC, LC","0, 0",unknown,NA
41724,"2003, 2016","LC, LC","0, 0",unknown,NA
41725,"2003, 2015","LC, LC","0, 0",unknown,NA
41726,"2003, 2016","LC, LC","0, 0",unknown,NA
41727,"2003, 2016","LC, LC","0, 0",unknown,NA
41728,"2003, 2015","LC, LC","0, 0",unknown,NA
41729,"2003, 2015","LC, LC","0, 0",unknown,NA
41732,"2003, 2015","LC, LC","0, 0",unknown,NA
41740,"2003, 2013","CR, EN","0.8, 0.6",decreasing,NA
41743,"2003, 2015","LC, LC","0, 0",stable,NA
41753,"2003, 2016","LC, LC","0, 0",stable,NA
41755,"1996, 2008","VU, VU","0.4, 0.4",unknown,NA
41794,"2003, 2016","NT, LC","0.2, 0",unknown,NA
41796,"2003, 2016","LC, LC","0, 0",stable,NA
41797,"2003, 2016","VU, VU","0.4, 0.4",decreasing,NA
41805,"2003, 2015","LC, LC","0, 0",unknown,NA
41806,"2003, 2015","LC, LC","0, 0",unknown,NA
41807,"2003, 2015","LC, LC","0, 0",unknown,NA
41808,"2003, 2015","LC, LC","0, 0",unknown,NA
41810,"2003, 2016","NT, EN","0.2, 0.6",decreasing,NA
41811,"2003, 2016","LC, LC","0, 0",unknown,NA
41816,"2003, 2009","LC, VU","0, 0.4",decreasing,NA
41818,"2003, 2015","LC, LC","0, 0",stable,NA
41820,"2003, 2015","LC, LC","0, 0",unknown,NA
41824,"2003, 2016","LC, LC","0, 0",unknown,NA
41828,"2003, 2015","LC, LC","0, 0",unknown,NA
41829,"2003, 2016","LC, LC","0, 0",unknown,NA
41833,"2003, 2006","NT, NT","0.2, 0.2",unknown,NA
41837,"2003, 2009, 2015","NT, NT, LC","0.2, 0.2, 0",unknown,-0.01667
41838,"2003, 2009, 2015","NT, NT, LC","0.2, 0.2, 0",unknown,-0.01667
41839,"2003, 2015","LC, LC","0, 0",unknown,NA
41841,"2003, 2016","LC, LC","0, 0",unknown,NA
41842,"2003, 2016","LC, LC","0, 0",unknown,NA
41844,"2003, 2016","LC, LC","0, 0",unknown,NA
41846,"2003, 2016","LC, LC","0, 0",stable,NA
41848,"2003, 2016","VU, VU","0.4, 0.4",decreasing,NA
41849,"2003, 2016","VU, VU","0.4, 0.4",decreasing,NA
41858,"2003, 2015","LC, LC","0, 0",unknown,NA
41862,"2003, 2016","LC, LC","0, 0",stable,NA
41864,"2003, 2015","LC, LC","0, 0",unknown,NA
41872,"2003, 2016","NT, NT","0.2, 0.2",decreasing,NA
41873,"2003, 2015","NT, LC","0.2, 0",unknown,NA
41874,"2003, 2016","VU, VU","0.4, 0.4",decreasing,NA
41876,"2009, 2016","VU, VU","0.4, 0.4",decreasing,NA
41878,"2003, 2016","VU, EN","0.4, 0.6",decreasing,NA
42704,"2016, 2017","LC, LC","0, 0",unknown,NA
42706,"2003, 2011","NT, NT","0.2, 0.2",unknown,NA
42713,"2003, 2009, 2016","LC, LC, LC","0, 0, 0",unknown,0
42716,"2003, 2011","LC, LC","0, 0",unknown,NA
42717,"2003, 2015","LC, LC","0, 0",unknown,NA
42720,"2003, 2015","LC, LC","0, 0",unknown,NA
42721,"2003, 2015","LC, LC","0, 0",unknown,NA
42729,"2003, 2016","VU, VU","0.4, 0.4",decreasing,NA
44183,"2000, 2005, 2016","NT, NT, LC","0.2, 0.2, 0",stable,-0.01343
44186,"2004, 2015","LC, LC","0, 0",unknown,NA
60108,"2006, 2015","LC, LC","0, 0",stable,NA
60111,"2006, 2015","LC, LC","0, 0",unknown,NA
60112,"2006, 2016","LC, LC","0, 0",unknown,NA
60121,"2006, 2016","EN, EN","0.6, 0.6",decreasing,NA
60140,"2006, 2016","LC, LC","0, 0",stable,NA
60146,"2006, 2015","LC, LC","0, 0",unknown,NA
60147,"2006, 2016","NT, NT","0.2, 0.2",unknown,NA
60148,"2006, 2016","NT, NT","0.2, 0.2",unknown,NA
60150,"2006, 2015","NT, NT","0.2, 0.2",unknown,NA
60153,"2006, 2016","NT, NT","0.2, 0.2",unknown,NA
60155,"2006, 2016","NT, NT","0.2, 0.2",unknown,NA
60156,"2006, 2011, 2015","NT, LC, LC","0.2, 0, 0",unknown,-0.02295
60158,"2006, 2016","LC, LC","0, 0",unknown,NA
60159,"2006, 2016","LC, LC","0, 0",unknown,NA
60160,"2006, 2016","NT, NT","0.2, 0.2",unknown,NA
60162,"2006, 2015","VU, VU","0.4, 0.4",decreasing,NA
60163,"2006, 2016","LC, LC","0, 0",unknown,NA
60164,"2006, 2016","LC, LC","0, 0",unknown,NA
60166,"2006, 2016","VU, VU","0.4, 0.4",decreasing,NA
60168,"2006, 2016","NT, NT","0.2, 0.2",unknown,NA
60171,"2006, 2016","NT, NT","0.2, 0.2",decreasing,NA
60175,"2006, 2016","VU, VU","0.4, 0.4",unknown,NA
60191,"2006, 2015","LC, LC","0, 0",increasing,NA
60192,"2006, 2016","LC, LC","0, 0",stable,NA
60195,"2006, 2016","NT, VU","0.2, 0.4",stable,NA
60200,"2006, 2016","NT, NT","0.2, 0.2",decreasing,NA
60210,"2006, 2015","LC, LC","0, 0",unknown,NA
60212,"2006, 2015","LC, LC","0, 0",unknown,NA
60344,"2008, 2010, 2014","CR, CR, CR","0.8, 0.8, 0.8",decreasing,-0
61417,"2006, 2007","EN, CR","0.6, 0.8",decreasing,NA
61418,"2006, 2007","EN, CR","0.6, 0.8",decreasing,NA
63119,"2007, 2016","LC, LC","0, 0",unknown,NA
63120,"2007, 2015","LC, NT","0, 0.2",decreasing,NA
63127,"2007, 2015","LC, LC","0, 0",unknown,NA
63132,"2007, 2016","EN, EN","0.6, 0.6",decreasing,NA
63152,"2007, 2016","LC, LC","0, 0",unknown,NA
63165,"2003, 2011","LC, LC","0, 0",stable,NA
63571,"2007, 2012","VU, VU","0.4, 0.4",decreasing,NA
64396,"2007, 2008","VU, VU","0.4, 0.4",decreasing,NA
64400,"2007, 2008","VU, VU","0.4, 0.4",decreasing,NA
64407,"2007, 2008","LC, LC","0, 0",unknown,NA
64410,"2007, 2008","VU, VU","0.4, 0.4",decreasing,NA
64411,"2007, 2008","VU, VU","0.4, 0.4",decreasing,NA
64412,"2007, 2008","VU, VU","0.4, 0.4",decreasing,NA
132730,"2008, 2017","LC, LC","0, 0",unknown,NA
132733,"2008, 2017","LC, LC","0, 0",stable,NA
132754,"2008, 2017","LC, LC","0, 0",unknown,NA
132767,"2008, 2017","LC, LC","0, 0",unknown,NA
132783,"2008, 2017","LC, LC","0, 0",unknown,NA
132822,"2008, 2017","LC, LC","0, 0",stable,NA
132860,"2008, 2014","VU, VU","0.4, 0.4",unknown,NA
132869,"2008, 2014","NT, NT","0.2, 0.2",decreasing,NA
132878,"2008, 2014","NT, NT","0.2, 0.2",decreasing,NA
132880,"2008, 2014","VU, VU","0.4, 0.4",unknown,NA
132881,"2008, 2014","LC, LC","0, 0",unknown,NA
132883,"2008, 2014","LC, LC","0, 0",decreasing,NA
132885,"2008, 2014","LC, LC","0, 0",unknown,NA
132887,"2008, 2014","LC, LC","0, 0",unknown,NA
132888,"2008, 2014","NT, NT","0.2, 0.2",decreasing,NA
132895,"2008, 2014","LC, LC","0, 0",unknown,NA
132903,"2008, 2014","LC, LC","0, 0",unknown,NA
132904,"2008, 2014","NT, NT","0.2, 0.2",unknown,NA
132911,"2008, 2014","LC, LC","0, 0",unknown,NA
132916,"2008, 2014","LC, LC","0, 0",unknown,NA
132917,"2008, 2014","LC, LC","0, 0",unknown,NA
132922,"2008, 2014","LC, LC","0, 0",decreasing,NA
132923,"2008, 2014","LC, LC","0, 0",unknown,NA
132925,"2008, 2014","LC, LC","0, 0",unknown,NA
132936,"2008, 2014","LC, LC","0, 0",decreasing,NA
132940,"2008, 2014","VU, VU","0.4, 0.4",decreasing,NA
132948,"2008, 2014","NT, NT","0.2, 0.2",decreasing,NA
132956,"2008, 2014","VU, VU","0.4, 0.4",unknown,NA
132958,"2008, 2014","LC, LC","0, 0",unknown,NA
132960,"2008, 2014","LC, LC","0, 0",unknown,NA
132969,"2008, 2014","VU, VU","0.4, 0.4",decreasing,NA
132975,"2008, 2014","LC, LC","0, 0",unknown,NA
132976,"2008, 2014","NT, NT","0.2, 0.2",decreasing,NA
132978,"2008, 2014","NT, NT","0.2, 0.2",decreasing,NA
132980,"2008, 2014","NT, NT","0.2, 0.2",decreasing,NA
132983,"2008, 2014","NT, NT","0.2, 0.2",decreasing,NA
132986,"2008, 2014","LC, LC","0, 0",unknown,NA
132992,"2008, 2014","NT, NT","0.2, 0.2",decreasing,NA
132997,"2008, 2014","NT, NT","0.2, 0.2",decreasing,NA
132998,"2008, 2014","LC, LC","0, 0",decreasing,NA
133001,"2008, 2014","LC, LC","0, 0",unknown,NA
133008,"2008, 2014","LC, LC","0, 0",unknown,NA
133013,"2008, 2014","LC, LC","0, 0",decreasing,NA
133016,"2008, 2014","LC, LC","0, 0",unknown,NA
133020,"2008, 2014","NT, NT","0.2, 0.2",decreasing,NA
133021,"2008, 2014","LC, LC","0, 0",decreasing,NA
133023,"2008, 2014","LC, LC","0, 0",unknown,NA
133024,"2008, 2014","LC, LC","0, 0",unknown,NA
133025,"2008, 2014","VU, VU","0.4, 0.4",decreasing,NA
133028,"2008, 2014","NT, NT","0.2, 0.2",unknown,NA
133029,"2008, 2014","LC, LC","0, 0",decreasing,NA
133034,"2008, 2014","LC, LC","0, 0",unknown,NA
133038,"2008, 2014","VU, VU","0.4, 0.4",unknown,NA
133041,"2008, 2014","VU, VU","0.4, 0.4",unknown,NA
133043,"2008, 2014","NT, NT","0.2, 0.2",unknown,NA
133044,"2008, 2014","LC, LC","0, 0",unknown,NA
133045,"2008, 2014","LC, LC","0, 0",unknown,NA
133046,"2008, 2014","EN, EN","0.6, 0.6",decreasing,NA
133049,"2008, 2014","LC, LC","0, 0",unknown,NA
133054,"2008, 2014","LC, LC","0, 0",unknown,NA
133055,"2008, 2014","NT, NT","0.2, 0.2",decreasing,NA
133058,"2008, 2014","LC, LC","0, 0",unknown,NA
133063,"2008, 2014","LC, LC","0, 0",unknown,NA
133066,"2008, 2014","LC, LC","0, 0",decreasing,NA
133070,"2008, 2014","NT, NT","0.2, 0.2",decreasing,NA
133071,"2008, 2014","NT, NT","0.2, 0.2",decreasing,NA
133076,"2008, 2014","LC, LC","0, 0",unknown,NA
133082,"2008, 2014","LC, LC","0, 0",unknown,NA
133083,"2008, 2014","NT, NT","0.2, 0.2",unknown,NA
133084,"2008, 2014","LC, LC","0, 0",decreasing,NA
133087,"2008, 2014","LC, LC","0, 0",decreasing,NA
133088,"2008, 2014","LC, LC","0, 0",decreasing,NA
133090,"2008, 2014","LC, LC","0, 0",decreasing,NA
133091,"2008, 2014","LC, LC","0, 0",unknown,NA
133095,"2008, 2014","LC, LC","0, 0",unknown,NA
133097,"2008, 2014","VU, VU","0.4, 0.4",unknown,NA
133098,"2008, 2014","LC, LC","0, 0",unknown,NA
133099,"2008, 2014","VU, VU","0.4, 0.4",unknown,NA
133105,"2008, 2014","NT, NT","0.2, 0.2",unknown,NA
133106,"2008, 2014","NT, NT","0.2, 0.2",unknown,NA
133116,"2008, 2014","NT, NT","0.2, 0.2",unknown,NA
133117,"2008, 2014","VU, VU","0.4, 0.4",decreasing,NA
133127,"2008, 2014","LC, LC","0, 0",unknown,NA
133132,"2008, 2014","VU, VU","0.4, 0.4",decreasing,NA
133136,"2008, 2014","NT, NT","0.2, 0.2",decreasing,NA
133137,"2008, 2014","LC, LC","0, 0",decreasing,NA
133139,"2008, 2014","NT, NT","0.2, 0.2",decreasing,NA
133140,"2008, 2014","LC, LC","0, 0",stable,NA
133148,"2008, 2014","LC, LC","0, 0",unknown,NA
133156,"2008, 2014","VU, VU","0.4, 0.4",unknown,NA
133158,"2008, 2014","LC, LC","0, 0",unknown,NA
133166,"2008, 2014","LC, LC","0, 0",unknown,NA
133167,"2008, 2014","LC, LC","0, 0",decreasing,NA
133171,"2008, 2014","LC, LC","0, 0",unknown,NA
133172,"2008, 2014","LC, LC","0, 0",unknown,NA
133175,"2008, 2014","NT, NT","0.2, 0.2",decreasing,NA
133183,"2008, 2014","LC, LC","0, 0",unknown,NA
133186,"2008, 2014","LC, LC","0, 0",decreasing,NA
133192,"2008, 2014","LC, LC","0, 0",unknown,NA
133197,"2008, 2014","LC, LC","0, 0",unknown,NA
133198,"2008, 2014","LC, LC","0, 0",unknown,NA
133200,"2008, 2014","NT, NT","0.2, 0.2",decreasing,NA
133201,"2008, 2014","LC, LC","0, 0",unknown,NA
133203,"2008, 2014","VU, VU","0.4, 0.4",decreasing,NA
133208,"2008, 2014","NT, NT","0.2, 0.2",unknown,NA
133209,"2008, 2014","LC, LC","0, 0",decreasing,NA
133215,"2008, 2014","LC, LC","0, 0",unknown,NA
133216,"2008, 2014","NT, NT","0.2, 0.2",unknown,NA
133220,"2008, 2014","VU, VU","0.4, 0.4",decreasing,NA
133222,"2008, 2014","LC, LC","0, 0",unknown,NA
133231,"2008, 2014","NT, NT","0.2, 0.2",decreasing,NA
133236,"2008, 2014","NT, NT","0.2, 0.2",unknown,NA
133239,"2008, 2014","NT, NT","0.2, 0.2",decreasing,NA
133240,"2008, 2014","LC, LC","0, 0",unknown,NA
133242,"2008, 2014","LC, LC","0, 0",unknown,NA
133244,"2008, 2014","NT, NT","0.2, 0.2",decreasing,NA
133246,"2008, 2014","LC, LC","0, 0",unknown,NA
133248,"2008, 2014","LC, LC","0, 0",decreasing,NA
133250,"2008, 2014","NT, NT","0.2, 0.2",decreasing,NA
133256,"2008, 2014","NT, NT","0.2, 0.2",unknown,NA
133258,"2008, 2014","NT, NT","0.2, 0.2",unknown,NA
133262,"2008, 2014","NT, NT","0.2, 0.2",unknown,NA
133267,"2008, 2014","LC, LC","0, 0",decreasing,NA
133272,"2008, 2014","NT, NT","0.2, 0.2",unknown,NA
133277,"2008, 2014","LC, LC","0, 0",unknown,NA
133284,"2008, 2014","LC, LC","0, 0",decreasing,NA
133289,"2008, 2014","VU, VU","0.4, 0.4",unknown,NA
133290,"2008, 2014","NT, NT","0.2, 0.2",decreasing,NA
133291,"2008, 2014","VU, VU","0.4, 0.4",decreasing,NA
133292,"2008, 2014","LC, LC","0, 0",decreasing,NA
133293,"2008, 2014","LC, LC","0, 0",decreasing,NA
133302,"2008, 2014","LC, LC","0, 0",decreasing,NA
133303,"2008, 2014","NT, NT","0.2, 0.2",decreasing,NA
133304,"2008, 2014","LC, LC","0, 0",unknown,NA
133308,"2008, 2014","LC, LC","0, 0",unknown,NA
133314,"2008, 2014","LC, LC","0, 0",decreasing,NA
133315,"2008, 2014","NT, NT","0.2, 0.2",decreasing,NA
133324,"2008, 2014","LC, LC","0, 0",decreasing,NA
133325,"2008, 2014","LC, LC","0, 0",decreasing,NA
133326,"2008, 2014","VU, VU","0.4, 0.4",unknown,NA
133327,"2008, 2014","VU, VU","0.4, 0.4",decreasing,NA
133329,"2008, 2014","NT, NT","0.2, 0.2",unknown,NA
133330,"2008, 2014","LC, LC","0, 0",unknown,NA
133332,"2008, 2014","VU, VU","0.4, 0.4",unknown,NA
133337,"2008, 2014","LC, LC","0, 0",unknown,NA
133343,"2008, 2014","NT, NT","0.2, 0.2",decreasing,NA
133345,"2008, 2014","LC, LC","0, 0",decreasing,NA
133351,"2008, 2014","LC, LC","0, 0",unknown,NA
133353,"2008, 2014","NT, NT","0.2, 0.2",unknown,NA
133357,"2008, 2014","LC, LC","0, 0",unknown,NA
133360,"2008, 2014","VU, VU","0.4, 0.4",unknown,NA
133365,"2008, 2014","LC, LC","0, 0",decreasing,NA
133376,"2008, 2014","VU, VU","0.4, 0.4",unknown,NA
133378,"2008, 2014","LC, LC","0, 0",unknown,NA
133380,"2008, 2014","LC, LC","0, 0",unknown,NA
133382,"2008, 2014","LC, LC","0, 0",unknown,NA
133386,"2008, 2014","NT, NT","0.2, 0.2",unknown,NA
133387,"2008, 2014","VU, VU","0.4, 0.4",decreasing,NA
133390,"2008, 2014","LC, LC","0, 0",unknown,NA
133398,"2008, 2014","LC, LC","0, 0",unknown,NA
133403,"2008, 2014","VU, VU","0.4, 0.4",unknown,NA
133406,"2008, 2014","LC, LC","0, 0",unknown,NA
133407,"2008, 2014","NT, NT","0.2, 0.2",unknown,NA
133410,"2008, 2014","LC, LC","0, 0",unknown,NA
133414,"2008, 2014","LC, LC","0, 0",decreasing,NA
133415,"2008, 2014","VU, VU","0.4, 0.4",decreasing,NA
133418,"2008, 2014","LC, LC","0, 0",unknown,NA
133419,"2008, 2014","LC, LC","0, 0",unknown,NA
133420,"2008, 2014","LC, LC","0, 0",decreasing,NA
133423,"2008, 2014","LC, LC","0, 0",unknown,NA
133426,"2008, 2014","LC, LC","0, 0",decreasing,NA
133428,"2008, 2014","LC, LC","0, 0",unknown,NA
133438,"2008, 2014","NT, NT","0.2, 0.2",decreasing,NA
133440,"2008, 2014","LC, LC","0, 0",decreasing,NA
133448,"2008, 2014","NT, NT","0.2, 0.2",unknown,NA
133451,"2008, 2014","LC, LC","0, 0",decreasing,NA
133452,"2008, 2014","LC, LC","0, 0",decreasing,NA
133453,"2008, 2014","VU, VU","0.4, 0.4",unknown,NA
133456,"2008, 2014","VU, VU","0.4, 0.4",unknown,NA
133458,"2008, 2014","NT, NT","0.2, 0.2",unknown,NA
133459,"2008, 2014","NT, NT","0.2, 0.2",unknown,NA
133463,"2008, 2014","VU, VU","0.4, 0.4",decreasing,NA
133468,"2008, 2014","LC, LC","0, 0",decreasing,NA
133470,"2008, 2014","NT, NT","0.2, 0.2",unknown,NA
133473,"2008, 2014","LC, LC","0, 0",unknown,NA
133474,"2008, 2014","LC, LC","0, 0",unknown,NA
133478,"2008, 2014","NT, NT","0.2, 0.2",unknown,NA
133482,"2008, 2014","NT, NT","0.2, 0.2",unknown,NA
133485,"2008, 2014","LC, LC","0, 0",decreasing,NA
133486,"2008, 2014","VU, VU","0.4, 0.4",unknown,NA
133493,"2008, 2014","NT, NT","0.2, 0.2",decreasing,NA
133495,"2008, 2014","LC, LC","0, 0",unknown,NA
133496,"2008, 2014","NT, NT","0.2, 0.2",unknown,NA
133502,"2008, 2014","LC, LC","0, 0",unknown,NA
133503,"2008, 2014","NT, NT","0.2, 0.2",unknown,NA
133516,"2008, 2014","LC, LC","0, 0",decreasing,NA
133523,"2008, 2014","VU, VU","0.4, 0.4",unknown,NA
133525,"2008, 2014","LC, LC","0, 0",decreasing,NA
133526,"2008, 2014","VU, VU","0.4, 0.4",unknown,NA
133531,"2008, 2014","VU, VU","0.4, 0.4",decreasing,NA
133532,"2008, 2014","VU, VU","0.4, 0.4",decreasing,NA
133538,"2008, 2014","LC, LC","0, 0",unknown,NA
133539,"2008, 2014","VU, VU","0.4, 0.4",unknown,NA
133545,"2008, 2014","NT, NT","0.2, 0.2",unknown,NA
133548,"2008, 2014","LC, LC","0, 0",unknown,NA
133551,"2008, 2014","LC, LC","0, 0",unknown,NA
133557,"2008, 2014","VU, VU","0.4, 0.4",unknown,NA
133558,"2008, 2014","VU, VU","0.4, 0.4",unknown,NA
133559,"2008, 2014","LC, LC","0, 0",unknown,NA
133560,"2008, 2014","NT, NT","0.2, 0.2",decreasing,NA
133566,"2008, 2014","LC, LC","0, 0",unknown,NA
133569,"2008, 2014","LC, LC","0, 0",decreasing,NA
133570,"2008, 2014","LC, LC","0, 0",unknown,NA
133576,"2008, 2014","LC, LC","0, 0",decreasing,NA
133581,"2008, 2014","VU, VU","0.4, 0.4",unknown,NA
133582,"2008, 2014","LC, LC","0, 0",unknown,NA
133587,"2008, 2014","LC, LC","0, 0",unknown,NA
133588,"2008, 2014","VU, VU","0.4, 0.4",stable,NA
133593,"2008, 2014","NT, NT","0.2, 0.2",decreasing,NA
133601,"2008, 2014","NT, NT","0.2, 0.2",decreasing,NA
133607,"2008, 2014","NT, NT","0.2, 0.2",unknown,NA
133613,"2008, 2014","LC, LC","0, 0",unknown,NA
133616,"2008, 2014","NT, NT","0.2, 0.2",decreasing,NA
133633,"2008, 2014","VU, VU","0.4, 0.4",unknown,NA
133634,"2008, 2014","LC, LC","0, 0",decreasing,NA
133635,"2008, 2014","NT, NT","0.2, 0.2",decreasing,NA
133636,"2008, 2014","LC, LC","0, 0",unknown,NA
133638,"2008, 2014","NT, NT","0.2, 0.2",decreasing,NA
133640,"2008, 2014","LC, LC","0, 0",unknown,NA
133641,"2008, 2014","LC, LC","0, 0",unknown,NA
133644,"2008, 2014","NT, NT","0.2, 0.2",decreasing,NA
133646,"2008, 2014","LC, LC","0, 0",decreasing,NA
133648,"2008, 2014","LC, LC","0, 0",decreasing,NA
133649,"2008, 2014","LC, LC","0, 0",decreasing,NA
133652,"2008, 2014","LC, LC","0, 0",decreasing,NA
133660,"2008, 2014","VU, VU","0.4, 0.4",decreasing,NA
133662,"2008, 2014","NT, NT","0.2, 0.2",unknown,NA
133666,"2008, 2014","NT, NT","0.2, 0.2",decreasing,NA
133673,"2008, 2014","LC, LC","0, 0",unknown,NA
133676,"2008, 2014","NT, NT","0.2, 0.2",unknown,NA
133685,"2008, 2014","NT, NT","0.2, 0.2",unknown,NA
133697,"2008, 2014","VU, VU","0.4, 0.4",unknown,NA
133700,"2008, 2014","LC, LC","0, 0",decreasing,NA
133702,"2008, 2014","LC, LC","0, 0",unknown,NA
135301,"2008, 2011","LC, LC","0, 0",stable,NA
135525,"2008, 2010","LC, LC","0, 0",unknown,NA
135567,"2008, 2012, 2017","LC, LC, LC","0, 0, 0",stable,0
135690,"2008, 2014","LC, LC","0, 0",increasing,NA
135717,"2008, 2010","LC, LC","0, 0",decreasing,NA
135719,"2008, 2013","LC, LC","0, 0",unknown,NA
136315,"2008, 2017","NT, VU","0.2, 0.4",decreasing,NA
154644,"2010, 2014","LC, LC","0, 0",unknown,NA
154669,"2010, 2015","LC, LC","0, 0",unknown,NA
154676,"2010, 2012","LC, LC","0, 0",stable,NA
154677,"2010, 2012","LC, LC","0, 0",stable,NA
154706,"2010, 2012","LC, LC","0, 0",unknown,NA
154712,"2010, 2011","LC, LC","0, 0",stable,NA
154731,"2010, 2013","LC, LC","0, 0",stable,NA
154780,"2010, 2012","LC, LC","0, 0",unknown,NA
154825,"2010, 2011","LC, LC","0, 0",unknown,NA
154853,"2010, 2017","LC, LC","0, 0",decreasing,NA
154855,"2010, 2012, 2017","LC, LC, LC","0, 0, 0",unknown,0
154863,"2010, 2012","LC, LC","0, 0",unknown,NA
154924,"2010, 2017","LC, LC","0, 0",unknown,NA
154938,"2010, 2016","LC, LC","0, 0",unknown,NA
154946,"2010, 2011","LC, LC","0, 0",unknown,NA
154960,"2010, 2012","LC, LC","0, 0",unknown,NA
154971,"2010, 2012","LC, LC","0, 0",stable,NA
154976,"2010, 2012","LC, LC","0, 0",stable,NA
155018,"2010, 2015","NT, VU","0.2, 0.4",decreasing,NA
155021,"2010, 2015","LC, VU","0, 0.4",unknown,NA
155073,"2010, 2017","LC, LC","0, 0",unknown,NA
155096,"2010, 2011","LC, LC","0, 0",stable,NA
155116,"2010, 2017","LC, LC","0, 0",unknown,NA
155120,"2010, 2012","LC, LC","0, 0",decreasing,NA
155165,"2010, 2016","LC, LC","0, 0",decreasing,NA
155180,"2010, 2014","LC, LC","0, 0",unknown,NA
155181,"2010, 2017","LC, LC","0, 0",unknown,NA
155201,"2010, 2012","LC, LC","0, 0",stable,NA
155212,"2010, 2016, 2017","LC, LC, LC","0, 0, 0",decreasing,0
155226,"2010, 2014","LC, LC","0, 0",unknown,NA
155235,"2010, 2015","LC, LC","0, 0",unknown,NA
155273,"2010, 2012","LC, LC","0, 0",unknown,NA
155276,"2010, 2011","LC, LC","0, 0",stable,NA
155282,"2010, 2014","LC, LC","0, 0",stable,NA
155285,"2012, 2017","VU, LC","0.4, 0",unknown,NA
155290,"2010, 2012","LC, LC","0, 0",unknown,NA
161334,"2009, 2015","LC, LC","0, 0",unknown,NA
161337,"2009, 2015","LC, LC","0, 0",unknown,NA
161342,"2009, 2015","LC, LC","0, 0",unknown,NA
161346,"2009, 2015","LC, LC","0, 0",unknown,NA
161350,"2009, 2015","LC, LC","0, 0",unknown,NA
161370,"2009, 2015","NT, LC","0.2, 0",stable,NA
161373,"2009, 2016","NT, NT","0.2, 0.2",unknown,NA
161375,"2009, 2015","LC, LC","0, 0",stable,NA
161381,"2009, 2015","LC, LC","0, 0",unknown,NA
161386,"2009, 2016","LC, LC","0, 0",unknown,NA
161426,"2009, 2017","NT, NT","0.2, 0.2",decreasing,NA
161430,"2009, 2015","LC, LC","0, 0",stable,NA
161431,"2009, 2016","NT, VU","0.2, 0.4",decreasing,NA
161452,"2009, 2016","LC, LC","0, 0",unknown,NA
161464,"2009, 2015","VU, EN","0.4, 0.6",decreasing,NA
161471,"2009, 2015","LC, LC","0, 0",unknown,NA
161486,"2009, 2015","LC, LC","0, 0",unknown,NA
161489,"2009, 2015","LC, LC","0, 0",unknown,NA
161495,"2009, 2016","EN, EN","0.6, 0.6",decreasing,NA
161505,"2009, 2012, 2015, 2016","LC, LC, LC, LC","0, 0, 0, 0",unknown,0
161526,"2009, 2016","NT, VU","0.2, 0.4",decreasing,NA
161535,"2009, 2016","NT, NT","0.2, 0.2",unknown,NA
161539,"2009, 2016","LC, LC","0, 0",unknown,NA
161540,"2009, 2016","VU, VU","0.4, 0.4",decreasing,NA
161546,"2009, 2016","VU, VU","0.4, 0.4",decreasing,NA
161547,"2009, 2016","VU, VU","0.4, 0.4",decreasing,NA
161553,"2009, 2015","LC, LC","0, 0",unknown,NA
161566,"2009, 2016","VU, VU","0.4, 0.4",unknown,NA
161596,"2009, 2015","LC, LC","0, 0",unknown,NA
161598,"2009, 2016","VU, VU","0.4, 0.4",decreasing,NA
161600,"2009, 2015","LC, LC","0, 0",stable,NA
161615,"2009, 2016","LC, VU","0, 0.4",decreasing,NA
161621,"2009, 2012","VU, VU","0.4, 0.4",decreasing,NA
161628,"2009, 2015","LC, LC","0, 0",increasing,NA
161629,"2009, 2016","LC, LC","0, 0",unknown,NA
161640,"2009, 2016","LC, LC","0, 0",unknown,NA
161648,"2009, 2016","LC, LC","0, 0",unknown,NA
161655,"2009, 2015","LC, LC","0, 0",unknown,NA
161661,"2009, 2015","LC, LC","0, 0",stable,NA
161674,"2009, 2015","LC, LC","0, 0",unknown,NA
161692,"2009, 2016","VU, VU","0.4, 0.4",decreasing,NA
161700,"2009, 2015","LC, LC","0, 0",unknown,NA
161705,"2009, 2015","LC, LC","0, 0",stable,NA
161743,"2009, 2016","NT, NT","0.2, 0.2",unknown,NA
161744,"2009, 2016","LC, VU","0, 0.4",decreasing,NA
166077,"2010, 2012, 2017","LC, LC, LC","0, 0, 0",stable,0
166533,"2012, 2016","LC, LC","0, 0",unknown,NA
166575,"2012, 2017","LC, LC","0, 0",unknown,NA
166881,"2011, 2017","LC, LC","0, 0",unknown,NA
166892,"2011, 2017","LC, LC","0, 0",unknown,NA
166894,"2010, 2014","LC, NT","0, 0.2",unknown,NA
166897,"2012, 2017","LC, LC","0, 0",unknown,NA
169587,"2009, 2017","LC, LC","0, 0",unknown,NA
169632,"2009, 2017","LC, LC","0, 0",stable,NA
169967,"2011, 2015","LC, LC","0, 0",stable,NA
170341,"2011, 2014","LC, VU","0, 0.4",decreasing,NA
172359,"2011, 2012","LC, LC","0, 0",unknown,NA
172363,"2012, 2016","LC, LC","0, 0",unknown,NA
172393,"2011, 2012","LC, LC","0, 0",unknown,NA
172404,"2011, 2012","LC, LC","0, 0",stable,NA
172443,"2011, 2017","LC, LC","0, 0",stable,NA
172450,"2011, 2012","LC, LC","0, 0",unknown,NA
172468,"2011, 2017","LC, LC","0, 0",unknown,NA
172469,"2011, 2017","LC, LC","0, 0",unknown,NA
176738,"2010, 2017","LC, LC","0, 0",stable,NA
178111,"2010, 2017","LC, LC","0, 0",unknown,NA
183158,"2012, 2017","LC, LC","0, 0",stable,NA
183217,"2010, 2017","LC, LC","0, 0",unknown,NA
183308,"2010, 2014","LC, LC","0, 0",stable,NA
183310,"2010, 2012","LC, LC","0, 0",stable,NA
183317,"2010, 2016","LC, LC","0, 0",unknown,NA
183468,"2010, 2012","LC, LC","0, 0",stable,NA
183646,"2010, 2012","LC, LC","0, 0",stable,NA
183743,"2010, 2016","LC, LC","0, 0",unknown,NA
183757,"2010, 2017","LC, LC","0, 0",unknown,NA
183813,"2010, 2012","LC, LC","0, 0",unknown,NA
183839,"2010, 2012","LC, LC","0, 0",stable,NA
184088,"2010, 2013","LC, LC","0, 0",stable,NA
184099,"2010, 2013","LC, LC","0, 0",unknown,NA
184918,"2012, 2016","LC, LC","0, 0",unknown,NA
187455,"2010, 2015","LC, LC","0, 0",unknown,NA
187595,"2010, 2015","LC, LC","0, 0",unknown,NA
187790,"2010, 2015","NT, LC","0.2, 0",unknown,NA
188101,"2012, 2017","LC, LC","0, 0",stable,NA
190674,"2010, 2012","LC, LC","0, 0",unknown,NA
190675,"2010, 2012","LC, LC","0, 0",unknown,NA
190676,"2010, 2012","LC, LC","0, 0",unknown,NA
190679,"2010, 2012","LC, LC","0, 0",unknown,NA
190680,"2010, 2012","LC, LC","0, 0",unknown,NA
190681,"2010, 2012","LC, LC","0, 0",unknown,NA
190682,"2010, 2012","LC, LC","0, 0",unknown,NA
190683,"2010, 2012","LC, LC","0, 0",unknown,NA
190685,"2010, 2012","LC, LC","0, 0",unknown,NA
190686,"2010, 2012","LC, LC","0, 0",unknown,NA
190687,"2010, 2012","LC, LC","0, 0",unknown,NA
190688,"2010, 2012","LC, LC","0, 0",unknown,NA
190690,"2010, 2012","LC, LC","0, 0",unknown,NA
190691,"2010, 2012","LC, LC","0, 0",unknown,NA
190692,"2010, 2012","LC, LC","0, 0",unknown,NA
190693,"2010, 2012","LC, LC","0, 0",unknown,NA
190694,"2010, 2012","LC, LC","0, 0",unknown,NA
190695,"2010, 2012","LC, LC","0, 0",unknown,NA
190697,"2010, 2012","LC, LC","0, 0",unknown,NA
190698,"2010, 2012","LC, LC","0, 0",unknown,NA
190699,"2010, 2012","LC, LC","0, 0",unknown,NA
190700,"2010, 2012","LC, LC","0, 0",unknown,NA
190702,"2010, 2012","LC, LC","0, 0",unknown,NA
190703,"2010, 2012","LC, LC","0, 0",unknown,NA
190704,"2010, 2012","LC, LC","0, 0",unknown,NA
190705,"2010, 2012","LC, LC","0, 0",unknown,NA
190706,"2010, 2012","LC, LC","0, 0",unknown,NA
190707,"2010, 2012","LC, LC","0, 0",unknown,NA
190708,"2010, 2012","LC, LC","0, 0",unknown,NA
190709,"2010, 2012","LC, LC","0, 0",unknown,NA
190710,"2010, 2012","LC, LC","0, 0",unknown,NA
190711,"2010, 2012","NT, NT","0.2, 0.2",unknown,NA
190712,"2010, 2012","LC, LC","0, 0",unknown,NA
190713,"2010, 2012","LC, LC","0, 0",unknown,NA
190714,"2010, 2012","LC, LC","0, 0",unknown,NA
190715,"2010, 2012","LC, LC","0, 0",unknown,NA
190717,"2010, 2012","LC, LC","0, 0",unknown,NA
190718,"2010, 2012","LC, LC","0, 0",unknown,NA
190719,"2010, 2012","LC, LC","0, 0",unknown,NA
190721,"2010, 2012","LC, LC","0, 0",unknown,NA
190722,"2010, 2012","LC, LC","0, 0",unknown,NA
190723,"2010, 2012","LC, LC","0, 0",unknown,NA
190725,"2010, 2012","LC, LC","0, 0",unknown,NA
190726,"2010, 2012","LC, LC","0, 0",unknown,NA
190728,"2010, 2012","LC, LC","0, 0",unknown,NA
190729,"2010, 2012","LC, LC","0, 0",unknown,NA
190731,"2010, 2012","LC, LC","0, 0",unknown,NA
190732,"2010, 2012","LC, LC","0, 0",unknown,NA
190733,"2010, 2012","LC, LC","0, 0",unknown,NA
190734,"2010, 2012","LC, LC","0, 0",unknown,NA
190736,"2010, 2012","LC, LC","0, 0",unknown,NA
190738,"2010, 2012","LC, LC","0, 0",unknown,NA
190739,"2010, 2012","LC, LC","0, 0",unknown,NA
190740,"2010, 2012","LC, LC","0, 0",unknown,NA
190741,"2010, 2012","LC, LC","0, 0",unknown,NA
190742,"2010, 2012","LC, LC","0, 0",unknown,NA
190744,"2010, 2012","LC, LC","0, 0",unknown,NA
190745,"2010, 2012","LC, LC","0, 0",unknown,NA
190746,"2010, 2012","LC, LC","0, 0",unknown,NA
190747,"2010, 2012","LC, LC","0, 0",unknown,NA
190748,"2010, 2012","EN, EN","0.6, 0.6",decreasing,NA
190750,"2010, 2012","LC, LC","0, 0",unknown,NA
190753,"2010, 2012","LC, LC","0, 0",unknown,NA
190754,"2010, 2012","LC, LC","0, 0",unknown,NA
190755,"2010, 2012","LC, LC","0, 0",unknown,NA
190756,"2010, 2012","LC, LC","0, 0",unknown,NA
190757,"2010, 2012","LC, LC","0, 0",unknown,NA
190758,"2010, 2012","LC, LC","0, 0",unknown,NA
190759,"2010, 2012","LC, LC","0, 0",unknown,NA
190761,"2010, 2012","NT, NT","0.2, 0.2",unknown,NA
190762,"2010, 2012","LC, LC","0, 0",stable,NA
190765,"2010, 2012","LC, LC","0, 0",unknown,NA
190766,"2010, 2012","LC, LC","0, 0",unknown,NA
190767,"2010, 2012","LC, LC","0, 0",unknown,NA
190768,"2010, 2012","LC, LC","0, 0",unknown,NA
190769,"2010, 2012","LC, LC","0, 0",unknown,NA
191108,"2014, 2017","EN, EN","0.6, 0.6",decreasing,NA
194815,"2011, 2014","LC, LC","0, 0",stable,NA
194818,"2011, 2014","LC, LC","0, 0",unknown,NA
194854,"2011, 2014","LC, LC","0, 0",unknown,NA
194887,"2011, 2014","LC, LC","0, 0",stable,NA
195422,"2011, 2015","LC, LC","0, 0",unknown,NA
195427,"2011, 2015","LC, LC","0, 0",unknown,NA
195429,"2011, 2015","LC, LC","0, 0",stable,NA
195444,"2011, 2015","LC, LC","0, 0",unknown,NA
195445,"2011, 2015","LC, LC","0, 0",unknown,NA
195448,"2012, 2015","LC, LC","0, 0",stable,NA
195451,"2011, 2015","LC, LC","0, 0",unknown,NA
195453,"2011, 2015","LC, LC","0, 0",unknown,NA
195455,"2011, 2015, 2016","LC, LC, LC","0, 0, 0",unknown,0
195456,"2012, 2016","VU, VU","0.4, 0.4",decreasing,NA
195458,"2011, 2015","LC, LC","0, 0",unknown,NA
195460,"2011, 2015","LC, LC","0, 0",unknown,NA
195462,"2011, 2015","LC, LC","0, 0",unknown,NA
195464,"2011, 2015","LC, LC","0, 0",unknown,NA
195465,"2011, 2015","LC, LC","0, 0",unknown,NA
195468,"2011, 2015","LC, LC","0, 0",unknown,NA
195470,"2012, 2015","LC, LC","0, 0",unknown,NA
195472,"2011, 2015","LC, LC","0, 0",unknown,NA
195473,"2011, 2015","LC, LC","0, 0",unknown,NA
196317,"2012, 2017","LC, LC","0, 0",stable,NA
196351,"2012, 2017","LC, LC","0, 0",stable,NA
196417,"2012, 2017","LC, LC","0, 0",unknown,NA
196421,"2012, 2017","LC, LC","0, 0",unknown,NA
197047,"2012, 2017","LC, LC","0, 0",unknown,NA
197054,"2014, 2017","LC, LC","0, 0",unknown,NA
198920,"2011, 2012, 2017","VU, VU, VU","0.4, 0.4, 0.4",decreasing,-0
199622,"2012, 2017","LC, LC","0, 0",stable,NA
202053,"2011, 2015","LC, LC","0, 0",unknown,NA
202632,"2013, 2015","LC, NT","0, 0.2",decreasing,NA
22680033,"1994, 2000, 2004, 2008, 2009, 2012, 2016","LC, LC, LC, LC, LC, LC, LC","0, 0, 0, 0, 0, 0, 0",stable,0
22680038,"1994, 2000, 2004, 2006, 2008, 2010, 2012, 2016","NT, NT, NT, NT, NT, NT, VU, VU","0.2, 0.2, 0.2, 0.2, 0.2, 0.2, 0.4, 0.4",decreasing,0.00913
22680047,"1994, 2000, 2004, 2008, 2009, 2012, 2016","LC, LC, LC, LC, LC, LC, LC","0, 0, 0, 0, 0, 0, 0",stable,0
22680052,"1994, 2000, 2004, 2008, 2009, 2012, 2016","LC, LC, LC, LC, LC, LC, LC","0, 0, 0, 0, 0, 0, 0",decreasing,0
22680405,"1994, 2000, 2004, 2008, 2009, 2012, 2015, 2016","LC, LC, LC, LC, LC, LC, NT, NT","0, 0, 0, 0, 0, 0, 0.2, 0.2",unknown,0.00822
22680409,"1994, 2000, 2004, 2008, 2009, 2012, 2016","LC, LC, LC, LC, LC, LC, LC","0, 0, 0, 0, 0, 0, 0",decreasing,0
22680412,"1994, 1996, 2000, 2004, 2008, 2009, 2012, 2016","VU, VU, LC, LC, LC, LC, LC, LC","0.4, 0.4, 0, 0, 0, 0, 0, 0",decreasing,-0.01868
22680415,"1994, 1996, 2000, 2004, 2005, 2006, 2008, 2010, 2012, 2013, 2016","VU, VU, LC, LC, VU, VU, VU, VU, VU, VU, VU","0.4, 0.4, 0, 0, 0.4, 0.4, 0.4, 0.4, 0.4, 0.4, 0.4",decreasing,0.00624
22680423,"1994, 2000, 2004, 2008, 2009, 2012, 2016","LC, LC, LC, LC, LC, LC, LC","0, 0, 0, 0, 0, 0, 0",increasing,0
22680427,"1994, 2000, 2004, 2008, 2009, 2011, 2012, 2016, 2017","LC, LC, LC, LC, LC, LC, VU, VU, VU","0, 0, 0, 0, 0, 0, 0.4, 0.4, 0.4",decreasing,0.01909
22680441,"1994, 2000, 2004, 2008, 2009, 2012, 2016","LC, LC, LC, LC, LC, LC, LC","0, 0, 0, 0, 0, 0, 0",decreasing,0
22680455,"1994, 2000, 2004, 2008, 2009, 2012, 2016","LC, LC, LC, LC, LC, LC, LC","0, 0, 0, 0, 0, 0, 0",stable,0
22680459,"1994, 2000, 2004, 2008, 2009, 2012, 2016","LC, LC, LC, LC, LC, LC, LC","0, 0, 0, 0, 0, 0, 0",increasing,0
22680462,"1994, 2000, 2004, 2008, 2009, 2012, 2016","LC, LC, LC, LC, LC, LC, LC","0, 0, 0, 0, 0, 0, 0",increasing,0
22680485,"1994, 2000, 2004, 2008, 2009, 2012, 2016","LC, LC, LC, LC, LC, LC, LC","0, 0, 0, 0, 0, 0, 0",stable,0
22693363,"1994, 2000, 2004, 2008, 2009, 2012, 2015, 2016, 2017","LC, LC, LC, LC, LC, LC, NT, NT, NT","0, 0, 0, 0, 0, 0, 0.2, 0.2, 0.2",decreasing,0.00947
22693369,"1994, 2000, 2004, 2008, 2009, 2012, 2016","LC, LC, LC, LC, LC, LC, LC","0, 0, 0, 0, 0, 0, 0",unknown,0
22693427,"1994, 2000, 2004, 2008, 2009, 2012, 2016, 2017","LC, LC, LC, LC, LC, LC, LC, LC","0, 0, 0, 0, 0, 0, 0, 0",decreasing,0
22693490,"1994, 2000, 2004, 2008, 2009, 2012, 2016","LC, LC, LC, LC, LC, LC, LC","0, 0, 0, 0, 0, 0, 0",decreasing,0
22693735,"1994, 2000, 2004, 2008, 2009, 2012, 2016","LC, LC, LC, LC, LC, LC, LC","0, 0, 0, 0, 0, 0, 0",decreasing,0
22693749,"1994, 2000, 2004, 2008, 2009, 2011, 2012, 2016, 2017","LC, LC, LC, LC, LC, LC, LC, LC, LC","0, 0, 0, 0, 0, 0, 0, 0, 0",decreasing,0
22694160,"1994, 2000, 2004, 2008, 2009, 2012, 2016, 2017","LC, LC, LC, LC, LC, LC, LC, LC","0, 0, 0, 0, 0, 0, 0, 0",stable,0
22694210,"1994, 2000, 2004, 2008, 2009, 2012, 2016","LC, LC, LC, LC, LC, LC, LC","0, 0, 0, 0, 0, 0, 0",stable,0
22694218,"1994, 2000, 2004, 2008, 2009, 2012, 2016, 2017","LC, LC, LC, LC, LC, LC, LC, LC","0, 0, 0, 0, 0, 0, 0, 0",stable,0
22694240,"1994, 2000, 2004, 2008, 2009, 2012, 2016","LC, LC, LC, LC, LC, LC, LC","0, 0, 0, 0, 0, 0, 0",stable,0
22694245,"1994, 2000, 2004, 2008, 2009, 2012, 2016","LC, LC, LC, LC, LC, LC, LC","0, 0, 0, 0, 0, 0, 0",stable,0
22694251,"1994, 2000, 2004, 2008, 2009, 2012, 2016","LC, LC, LC, LC, LC, LC, LC","0, 0, 0, 0, 0, 0, 0",stable,0
22694271,"1994, 2000, 2004, 2008, 2009, 2012, 2016, 2017","LC, LC, LC, LC, LC, LC, LC, LC","0, 0, 0, 0, 0, 0, 0, 0",stable,0
22694279,"1994, 2000, 2004, 2008, 2009, 2012, 2016","NT, LC, LC, LC, LC, LC, LC","0.2, 0, 0, 0, 0, 0, 0",stable,-0.0073
22694282,"1994, 2000, 2004, 2008, 2009, 2012, 2016","LC, LC, LC, LC, LC, LC, LC","0, 0, 0, 0, 0, 0, 0",increasing,0
22694286,"1994, 1996, 2000, 2004, 2006, 2008, 2012, 2013, 2016, 2017","VU, VU, VU, VU, VU, VU, VU, NT, NT, NT","0.4, 0.4, 0.4, 0.4, 0.4, 0.4, 0.4, 0.2, 0.2, 0.2",stable,-0.00888
22694289,"1994, 2000, 2004, 2008, 2009, 2012, 2016","LC, LC, LC, LC, LC, LC, LC","0, 0, 0, 0, 0, 0, 0",stable,0
22694296,"1994, 2000, 2004, 2006, 2008, 2010, 2012, 2016, 2017","NT, NT, NT, NT, NT, NT, NT, NT, NT","0.2, 0.2, 0.2, 0.2, 0.2, 0.2, 0.2, 0.2, 0.2",unknown,0
22694308,"1994, 2000, 2004, 2008, 2009, 2012, 2016","LC, LC, LC, LC, LC, LC, LC","0, 0, 0, 0, 0, 0, 0",unknown,0
22694317,"1994, 2000, 2004, 2008, 2009, 2012, 2016","LC, LC, LC, LC, LC, LC, LC","0, 0, 0, 0, 0, 0, 0",increasing,0
22694321,"1994, 2000, 2004, 2008, 2009, 2012, 2016","LC, LC, LC, LC, LC, LC, LC","0, 0, 0, 0, 0, 0, 0",decreasing,0
22694324,"1994, 2000, 2004, 2008, 2009, 2012, 2016","LC, LC, LC, LC, LC, LC, LC","0, 0, 0, 0, 0, 0, 0",unknown,0
22694329,"1994, 2000, 2004, 2008, 2009, 2012, 2016","LC, LC, LC, LC, LC, LC, LC","0, 0, 0, 0, 0, 0, 0",increasing,0
22694334,"1994, 2000, 2004, 2008, 2009, 2012, 2016","LC, LC, LC, LC, LC, LC, LC","0, 0, 0, 0, 0, 0, 0",increasing,0
22694337,"1994, 2000, 2004, 2008, 2009, 2012, 2016","LC, LC, LC, LC, LC, LC, LC","0, 0, 0, 0, 0, 0, 0",increasing,0
22694340,"1994, 2000, 2004, 2008, 2009, 2012, 2016","LC, LC, LC, LC, LC, LC, LC","0, 0, 0, 0, 0, 0, 0",stable,0
22694343,"1994, 2000, 2004, 2008, 2009, 2012, 2016","LC, LC, LC, LC, LC, LC, LC","0, 0, 0, 0, 0, 0, 0",stable,0
22694346,"2000, 2004, 2008, 2009, 2012, 2016","LC, LC, LC, LC, LC, LC","0, 0, 0, 0, 0, 0",stable,0
22694362,"1994, 2000, 2004, 2008, 2009, 2012, 2016","LC, LC, LC, LC, LC, LC, LC","0, 0, 0, 0, 0, 0, 0",unknown,0
22694373,"1994, 2000, 2004, 2008, 2009, 2012, 2016","LC, LC, LC, LC, LC, LC, LC","0, 0, 0, 0, 0, 0, 0",increasing,0
22694469,"1994, 2000, 2004, 2008, 2009, 2012, 2016","LC, LC, LC, LC, LC, LC, LC","0, 0, 0, 0, 0, 0, 0",increasing,0
22694473,"1994, 2000, 2004, 2005, 2006, 2008, 2010, 2012, 2016, 2017","LC, LC, LC, NT, NT, NT, NT, NT, NT, NT","0, 0, 0, 0.2, 0.2, 0.2, 0.2, 0.2, 0.2, 0.2",decreasing,0.01055
22694476,"1994, 2000, 2004, 2008, 2009, 2012, 2016","LC, LC, LC, LC, LC, LC, LC","0, 0, 0, 0, 0, 0, 0",unknown,0
22694479,"1994, 2000, 2004, 2008, 2009, 2012, 2016, 2017","LC, LC, LC, LC, LC, LC, LC, LC","0, 0, 0, 0, 0, 0, 0, 0",stable,0
22694497,"1994, 2000, 2004, 2008, 2009, 2010, 2012, 2016, 2017","LC, LC, LC, LC, LC, LC, LC, LC, VU","0, 0, 0, 0, 0, 0, 0, 0, 0.4",decreasing,0.00835
22694502,"1994, 1996, 2000, 2004, 2006, 2008, 2010, 2012, 2013, 2015, 2016, 2017","VU, VU, VU, VU, VU, VU, VU, VU, VU, VU, VU, VU","0.4, 0.4, 0.4, 0.4, 0.4, 0.4, 0.4, 0.4, 0.4, 0.4, 0.4, 0.4",decreasing,-0
22694524,"1994, 2000, 2004, 2008, 2009, 2012, 2015, 2016, 2017","LC, LC, LC, LC, LC, LC, LC, LC, LC","0, 0, 0, 0, 0, 0, 0, 0, 0",increasing,0
22694542,"1994, 2000, 2004, 2008, 2009, 2012, 2016","LC, LC, LC, LC, LC, LC, LC","0, 0, 0, 0, 0, 0, 0",stable,0
22694552,"1994, 2000, 2004, 2006, 2008, 2010, 2012, 2016","NT, NT, NT, NT, NT, NT, NT, NT","0.2, 0.2, 0.2, 0.2, 0.2, 0.2, 0.2, 0.2",stable,0
22694561,"1994, 2000, 2004, 2008, 2009, 2012, 2016","LC, LC, LC, LC, LC, LC, LC","0, 0, 0, 0, 0, 0, 0",stable,0
22694571,"1994, 2000, 2004, 2008, 2009, 2012, 2015, 2016","LC, LC, LC, LC, LC, LC, LC, LC","0, 0, 0, 0, 0, 0, 0, 0",stable,0
22694591,"1994, 2000, 2004, 2008, 2009, 2012, 2016","LC, LC, LC, LC, LC, LC, LC","0, 0, 0, 0, 0, 0, 0",stable,0
22694607,"1994, 2000, 2004, 2008, 2009, 2012, 2013, 2016","LC, LC, LC, LC, LC, LC, LC, LC","0, 0, 0, 0, 0, 0, 0, 0",decreasing,0
22694612,"1994, 2000, 2004, 2008, 2009, 2012, 2016","LC, LC, LC, LC, LC, LC, LC","0, 0, 0, 0, 0, 0, 0",unknown,0
22694618,"1994, 2000, 2004, 2008, 2009, 2012, 2016","LC, LC, LC, LC, LC, LC, LC","0, 0, 0, 0, 0, 0, 0",decreasing,0
22694623,"1994, 2000, 2004, 2008, 2009, 2012, 2016","LC, LC, LC, LC, LC, LC, LC","0, 0, 0, 0, 0, 0, 0",unknown,0
22694629,"1994, 2000, 2004, 2008, 2009, 2010, 2012, 2016","LC, LC, LC, LC, LC, LC, LC, LC","0, 0, 0, 0, 0, 0, 0, 0",decreasing,0
22694635,"1994, 2000, 2004, 2008, 2009, 2012, 2013, 2016","LC, LC, LC, LC, LC, LC, LC, LC","0, 0, 0, 0, 0, 0, 0, 0",unknown,0
22694641,"1994, 1996, 2000, 2004, 2006, 2008, 2010, 2012, 2016","VU, VU, NT, NT, NT, NT, NT, NT, NT","0.4, 0.4, 0.2, 0.2, 0.2, 0.2, 0.2, 0.2, 0.2",stable,-0.00934
22694646,"1994, 2000, 2004, 2008, 2009, 2012, 2016","LC, LC, LC, LC, LC, LC, LC","0, 0, 0, 0, 0, 0, 0",increasing,0
22694651,"1994, 2000, 2004, 2008, 2009, 2012, 2016","LC, LC, LC, LC, LC, LC, LC","0, 0, 0, 0, 0, 0, 0",stable,0
22694656,"1994, 2000, 2004, 2008, 2009, 2012, 2016","LC, LC, LC, LC, LC, LC, LC","0, 0, 0, 0, 0, 0, 0",decreasing,0
22694666,"1994, 2000, 2004, 2008, 2009, 2012, 2016","LC, LC, LC, LC, LC, LC, LC","0, 0, 0, 0, 0, 0, 0",decreasing,0
22694673,"1994, 2000, 2004, 2008, 2009, 2012, 2016","LC, LC, LC, LC, LC, LC, LC","0, 0, 0, 0, 0, 0, 0",decreasing,0
22694699,"1994, 2000, 2004, 2006, 2008, 2010, 2012, 2015, 2016","NT, NT, NT, NT, NT, NT, NT, NT, VU","0.2, 0.2, 0.2, 0.2, 0.2, 0.2, 0.2, 0.2, 0.4",decreasing,0.00431
22694705,"1994, 2000, 2004, 2008, 2009, 2012, 2016","LC, LC, LC, LC, LC, LC, LC","0, 0, 0, 0, 0, 0, 0",decreasing,0
22694716,"1994, 2000, 2004, 2008, 2009, 2012, 2015, 2016, 2017","LC, LC, LC, LC, LC, LC, LC, LC, VU","0, 0, 0, 0, 0, 0, 0, 0, 0.4",decreasing,0.00713
22694722,"1994, 2000, 2004, 2008, 2009, 2012, 2016","LC, LC, LC, LC, LC, LC, LC","0, 0, 0, 0, 0, 0, 0",unknown,0
22694730,"1994, 2000, 2004, 2008, 2009, 2012, 2016","LC, LC, LC, LC, LC, LC, LC","0, 0, 0, 0, 0, 0, 0",unknown,0
22694740,"1994, 2000, 2004, 2008, 2009, 2012, 2016, 2017","LC, LC, LC, LC, LC, LC, LC, LC","0, 0, 0, 0, 0, 0, 0, 0",unknown,0
22694750,"1994, 1996, 2000, 2004, 2007, 2008, 2010, 2012, 2016","VU, VU, EN, EN, EN, EN, EN, EN, EN","0.4, 0.4, 0.6, 0.6, 0.6, 0.6, 0.6, 0.6, 0.6",decreasing,0.00939
22694764,"1994, 2000, 2004, 2008, 2009, 2012, 2016, 2017","LC, LC, LC, LC, LC, LC, LC, LC","0, 0, 0, 0, 0, 0, 0, 0",stable,0
22694782,"1994, 2000, 2004, 2008, 2009, 2012, 2015, 2016","LC, LC, LC, LC, LC, LC, LC, LC","0, 0, 0, 0, 0, 0, 0, 0",stable,0
22694799,"1994, 2000, 2004, 2008, 2009, 2012, 2016, 2017","LC, LC, LC, LC, LC, LC, LC, LC","0, 0, 0, 0, 0, 0, 0, 0",stable,0
22694821,"1994, 2000, 2004, 2008, 2009, 2012, 2016","LC, LC, LC, LC, LC, LC, LC","0, 0, 0, 0, 0, 0, 0",stable,0
22694834,"1994, 2000, 2004, 2006, 2008, 2010, 2012, 2016","LC, LC, NT, NT, NT, NT, NT, NT","0, 0, 0.2, 0.2, 0.2, 0.2, 0.2, 0.2",decreasing,0.0109
22694837,"1994, 2000, 2004, 2008, 2009, 2012, 2016, 2017","LC, LC, LC, LC, LC, LC, LC, LC","0, 0, 0, 0, 0, 0, 0, 0",decreasing,0
22694841,"1994, 2000, 2004, 2008, 2009, 2012, 2016","LC, LC, LC, LC, LC, LC, LC","0, 0, 0, 0, 0, 0, 0",increasing,0
22694847,"1994, 2000, 2004, 2008, 2009, 2012, 2016","LC, LC, LC, LC, LC, LC, LC","0, 0, 0, 0, 0, 0, 0",increasing,0
22694852,"1994, 2000, 2004, 2008, 2009, 2012, 2015, 2016, 2017","LC, LC, LC, LC, LC, LC, NT, NT, NT","0, 0, 0, 0, 0, 0, 0.2, 0.2, 0.2",decreasing,0.00947
22694861,"1994, 2000, 2004, 2008, 2009, 2012, 2016","LC, LC, LC, LC, LC, LC, LC","0, 0, 0, 0, 0, 0, 0",unknown,0
22694864,"1994, 2000, 2004, 2008, 2009, 2012, 2016, 2017","LC, LC, LC, LC, LC, LC, LC, LC","0, 0, 0, 0, 0, 0, 0, 0",stable,0
22694867,"1994, 2000, 2004, 2008, 2009, 2012, 2016","LC, LC, LC, LC, LC, LC, LC","0, 0, 0, 0, 0, 0, 0",decreasing,0
22694870,"2000, 2004, 2005, 2008, 2010, 2012, 2016, 2017","VU, EN, EN, EN, EN, EN, EN, EN","0.4, 0.6, 0.6, 0.6, 0.6, 0.6, 0.6, 0.6",decreasing,0.00732
22694875,"1994, 2000, 2004, 2005, 2008, 2009, 2010, 2012, 2013, 2014, 2016","LC, LC, CR, CR, CR, CR, CR, CR, CR, NT, NT","0, 0, 0.8, 0.8, 0.8, 0.8, 0.8, 0.8, 0.8, 0.2, 0.2",decreasing,0.01961
22694896,"1994, 2000, 2004, 2008, 2009, 2012, 2016","LC, LC, LC, LC, LC, LC, LC","0, 0, 0, 0, 0, 0, 0",decreasing,0
22694899,"1994, 1996, 2000, 2004, 2005, 2007, 2008, 2010, 2012, 2016","VU, VU, VU, VU, VU, VU, VU, VU, VU, VU","0.4, 0.4, 0.4, 0.4, 0.4, 0.4, 0.4, 0.4, 0.4, 0.4",decreasing,0
22694903,"1994, 2000, 2004, 2008, 2009, 2012, 2015, 2016","LC, LC, LC, LC, LC, LC, NT, NT","0, 0, 0, 0, 0, 0, 0.2, 0.2",decreasing,0.00822
22694918,"1994, 2000, 2004, 2008, 2009, 2012, 2016","LC, LC, LC, LC, LC, LC, LC","0, 0, 0, 0, 0, 0, 0",decreasing,0
22694924,"1994, 2000, 2004, 2008, 2009, 2012, 2016, 2017","LC, LC, LC, LC, LC, LC, LC, LC","0, 0, 0, 0, 0, 0, 0, 0",decreasing,0
22694927,"1994, 2000, 2004, 2008, 2009, 2012, 2015, 2016, 2017","LC, LC, LC, LC, LC, LC, VU, VU, VU","0, 0, 0, 0, 0, 0, 0.4, 0.4, 0.4",decreasing,0.01893
22694931,"1994, 2000, 2004, 2008, 2009, 2012, 2016","LC, LC, LC, LC, LC, LC, LC","0, 0, 0, 0, 0, 0, 0",decreasing,0
22694934,"1994, 2000, 2004, 2008, 2009, 2012, 2016","LC, LC, LC, LC, LC, LC, LC","0, 0, 0, 0, 0, 0, 0",decreasing,0
22696637,"1994, 2000, 2004, 2008, 2009, 2012, 2013, 2016","LC, LC, LC, LC, LC, LC, LC, LC","0, 0, 0, 0, 0, 0, 0, 0",decreasing,0
22696657,"1994, 2000, 2004, 2008, 2009, 2012, 2016","LC, LC, LC, LC, LC, LC, LC","0, 0, 0, 0, 0, 0, 0",increasing,0
22696668,"1994, 2000, 2004, 2007, 2008, 2012, 2016, 2017, 2017","NT, VU, VU, VU, VU, VU, VU, EN, VU","0.2, 0.4, 0.4, 0.4, 0.4, 0.4, 0.4, 0.6, 0.4",decreasing,0.00888
22696675,"1994, 2000, 2004, 2008, 2009, 2012, 2016","LC, LC, LC, LC, LC, LC, LC","0, 0, 0, 0, 0, 0, 0",increasing,0
22696683,"1994, 2000, 2004, 2008, 2009, 2012, 2016","LC, LC, LC, LC, LC, LC, LC","0, 0, 0, 0, 0, 0, 0",stable,0
22696686,"1994, 2000, 2004, 2008, 2009, 2012, 2016","LC, LC, LC, LC, LC, LC, LC","0, 0, 0, 0, 0, 0, 0",stable,0
22696734,"1994, 2000, 2004, 2005, 2008, 2009, 2012, 2016","NT, NT, NT, LC, LC, LC, LC, LC","0.2, 0.2, 0.2, 0, 0, 0, 0, 0",increasing,-0.01198
22696753,"1994, 2000, 2004, 2008, 2009, 2012, 2016","LC, LC, LC, LC, LC, LC, LC","0, 0, 0, 0, 0, 0, 0",decreasing,0
22696756,"1994, 1996, 2000, 2004, 2005, 2008, 2010, 2011, 2012, 2013, 2016, 2017","VU, VU, EN, EN, EN, EN, EN, VU, VU, VU, VU, VU","0.4, 0.4, 0.6, 0.6, 0.6, 0.6, 0.6, 0.4, 0.4, 0.4, 0.4, 0.4",stable,-0.00285
22696766,"1994, 2000, 2004, 2006, 2008, 2010, 2012, 2013, 2015, 2016, 2017","NT, VU, EN, EN, EN, EN, EN, EN, EN, EN, EN","0.2, 0.4, 0.6, 0.6, 0.6, 0.6, 0.6, 0.6, 0.6, 0.6, 0.6",decreasing,0.01473
22696770,"1994, 2000, 2004, 2008, 2009, 2012, 2016","LC, LC, LC, LC, LC, LC, LC","0, 0, 0, 0, 0, 0, 0",unknown,0
22696773,"1994, 2000, 2004, 2008, 2009, 2012, 2016","LC, LC, LC, LC, LC, LC, LC","0, 0, 0, 0, 0, 0, 0",increasing,0
22696776,"1994, 2000, 2004, 2008, 2009, 2012, 2016","LC, LC, LC, LC, LC, LC, LC","0, 0, 0, 0, 0, 0, 0",increasing,0
22696779,"1994, 2000, 2004, 2008, 2009, 2012, 2016","LC, LC, LC, LC, LC, LC, LC","0, 0, 0, 0, 0, 0, 0",unknown,0
22696788,"1994, 2000, 2004, 2008, 2009, 2012, 2016","LC, LC, LC, LC, LC, LC, LC","0, 0, 0, 0, 0, 0, 0",unknown,0
22696792,"1994, 2000, 2004, 2008, 2009, 2012, 2016, 2017","LC, LC, LC, LC, LC, LC, LC, LC","0, 0, 0, 0, 0, 0, 0, 0",increasing,0
22696799,"1994, 2000, 2004, 2008, 2009, 2012, 2016","LC, LC, LC, LC, LC, LC, LC","0, 0, 0, 0, 0, 0, 0",unknown,0
22696802,"1994, 2000, 2004, 2005, 2006, 2008, 2010, 2012, 2016, 2017","NT, VU, VU, VU, VU, VU, VU, VU, VU, VU","0.2, 0.4, 0.4, 0.4, 0.4, 0.4, 0.4, 0.4, 0.4, 0.4",decreasing,0.0059
22696806,"1994, 2000, 2004, 2006, 2008, 2010, 2012, 2013, 2015, 2016, 2017","LC, NT, NT, NT, NT, NT, NT, EN, EN, EN, EN","0, 0.2, 0.2, 0.2, 0.2, 0.2, 0.2, 0.6, 0.6, 0.6, 0.6",decreasing,0.02625
22696883,"1994, 2000, 2004, 2008, 2009, 2012, 2016","LC, LC, LC, LC, LC, LC, LC","0, 0, 0, 0, 0, 0, 0",unknown,0
22696887,"1994, 2000, 2004, 2008, 2009, 2012, 2016","LC, LC, LC, LC, LC, LC, LC","0, 0, 0, 0, 0, 0, 0",decreasing,0
22696894,"1994, 2000, 2004, 2008, 2009, 2012, 2016","LC, LC, LC, LC, LC, LC, LC","0, 0, 0, 0, 0, 0, 0",decreasing,0
22696898,"1994, 2000, 2004, 2006, 2007, 2008, 2010, 2012, 2016","NT, NT, NT, NT, NT, NT, NT, NT, NT","0.2, 0.2, 0.2, 0.2, 0.2, 0.2, 0.2, 0.2, 0.2",decreasing,0
22696901,"1994, 2000, 2004, 2008, 2009, 2012, 2016","LC, LC, LC, LC, LC, LC, LC","0, 0, 0, 0, 0, 0, 0",unknown,0
22696907,"1994, 1996, 2000, 2004, 2005, 2006, 2008, 2010, 2012, 2016, 2017","VU, VU, VU, VU, EN, EN, EN, EN, EN, EN, EN","0.4, 0.4, 0.4, 0.4, 0.6, 0.6, 0.6, 0.6, 0.6, 0.6, 0.6",decreasing,0.01094
22697590,"1994, 2000, 2004, 2008, 2009, 2012, 2016","LC, LC, LC, LC, LC, LC, LC","0, 0, 0, 0, 0, 0, 0",unknown,0
22697599,"1994, 1996, 2000, 2004, 2006, 2008, 2012, 2016, 2017","VU, VU, VU, VU, VU, VU, VU, VU, NT","0.4, 0.4, 0.4, 0.4, 0.4, 0.4, 0.4, 0.4, 0.2",decreasing,-0.00408
22697604,"1994, 1996, 2000, 2004, 2006, 2007, 2008, 2012, 2016, 2017","VU, VU, VU, VU, VU, NT, NT, NT, NT, NT","0.4, 0.4, 0.4, 0.4, 0.4, 0.2, 0.2, 0.2, 0.2, 0.2",decreasing,-0.01099
22697608,"1994, 2000, 2004, 2008, 2009, 2012, 2016","LC, LC, LC, LC, LC, LC, LC","0, 0, 0, 0, 0, 0, 0",stable,0
22697611,"1994, 2000, 2004, 2008, 2009, 2012, 2016","LC, LC, LC, LC, LC, LC, LC","0, 0, 0, 0, 0, 0, 0",increasing,0
22697619,"1994, 2000, 2004, 2008, 2010, 2012, 2016","LC, LC, LC, NT, NT, NT, NT","0, 0, 0, 0.2, 0.2, 0.2, 0.2",increasing,0.01229
22697724,"1994, 2000, 2004, 2008, 2009, 2012, 2016, 2017","LC, LC, LC, LC, LC, LC, LC, LC","0, 0, 0, 0, 0, 0, 0, 0",increasing,0
22697733,"1994, 2000, 2004, 2008, 2009, 2012, 2016, 2017","LC, LC, LC, LC, LC, LC, LC, LC","0, 0, 0, 0, 0, 0, 0, 0",decreasing,0
22697742,"1994, 1996, 2000, 2004, 2005, 2007, 2008, 2009, 2010, 2012, 2013, 2015, 2016, 2017","VU, VU, CR, CR, CR, CR, CR, CR, CR, CR, CR, CR, CR, CR","0.4, 0.4, 0.8, 0.8, 0.8, 0.8, 0.8, 0.8, 0.8, 0.8, 0.8, 0.8, 0.8, 0.8",decreasing,0.01507
22697852,"1994, 2000, 2004, 2005, 2007, 2008, 2009, 2012, 2016, 2017","LC, VU, VU, VU, NT, NT, LC, LC, LC, LC","0, 0.4, 0.4, 0.4, 0.2, 0.2, 0, 0, 0, 0",increasing,-0.01114
22697866,"1994, 2000, 2004, 2008, 2009, 2012, 2016, 2017","LC, LC, LC, LC, LC, LC, LC, LC","0, 0, 0, 0, 0, 0, 0, 0",increasing,0
22697970,"1994, 2000, 2004, 2005, 2007, 2008, 2012, 2016","LC, VU, VU, VU, VU, VU, VU, VU","0, 0.4, 0.4, 0.4, 0.4, 0.4, 0.4, 0.4",decreasing,0.01444
22698080,"1994, 2000, 2004, 2008, 2009, 2012, 2016","LC, LC, LC, LC, LC, LC, LC","0, 0, 0, 0, 0, 0, 0",stable,0
22698172,"1994, 2000, 2004, 2008, 2009, 2012, 2015, 2016, 2017","LC, LC, LC, LC, LC, LC, NT, NT, NT","0, 0, 0, 0, 0, 0, 0.2, 0.2, 0.2",decreasing,0.00947
22698175,"1994, 2000, 2004, 2008, 2009, 2012, 2016, 2017","LC, LC, LC, LC, LC, LC, LC, LC","0, 0, 0, 0, 0, 0, 0, 0",decreasing,0
22698226,"1994, 2000, 2004, 2008, 2009, 2012, 2016","LC, LC, LC, LC, LC, LC, LC","0, 0, 0, 0, 0, 0, 0",unknown,0
22698240,"1994, 2000, 2004, 2006, 2007, 2008, 2010, 2012, 2013, 2015, 2016, 2017","VU, VU, EN, EN, EN, EN, EN, EN, EN, EN, EN, EN","0.4, 0.4, 0.6, 0.6, 0.6, 0.6, 0.6, 0.6, 0.6, 0.6, 0.6, 0.6",decreasing,0.0089
22698305,"1996, 2000, 2003, 2004, 2005, 2007, 2008, 2010, 2012, 2016, 2017","VU, VU, VU, VU, VU, VU, VU, VU, VU, VU, VU","0.4, 0.4, 0.4, 0.4, 0.4, 0.4, 0.4, 0.4, 0.4, 0.4, 0.4",decreasing,0
22698320,"1994, 2000, 2003, 2004, 2005, 2007, 2008, 2009, 2010, 2012, 2013, 2014, 2015, 2016, 2017","NT, VU, VU, VU, VU, CR, CR, CR, CR, CR, CR, CR, CR, CR, CR","0.2, 0.4, 0.4, 0.4, 0.4, 0.8, 0.8, 0.8, 0.8, 0.8, 0.8, 0.8, 0.8, 0.8, 0.8",decreasing,0.02985
22698375,"2000, 2002, 2003, 2004, 2005, 2008, 2010, 2012, 2013, 2014, 2016, 2017","NT, VU, EN, EN, EN, EN, EN, EN, NT, NT, NT, LC","0.2, 0.4, 0.6, 0.6, 0.6, 0.6, 0.6, 0.6, 0.2, 0.2, 0.2, 0",increasing,-0.01888
22698388,"2000, 2003, 2004, 2005, 2008, 2010, 2012, 2016, 2017","VU, VU, VU, VU, VU, VU, VU, VU, VU","0.4, 0.4, 0.4, 0.4, 0.4, 0.4, 0.4, 0.4, 0.4",unknown,0
22698398,"1994, 2000, 2003, 2004, 2005, 2007, 2008, 2010, 2012, 2013, 2016, 2017","NT, VU, VU, VU, VU, VU, VU, VU, VU, EN, EN, EN","0.2, 0.4, 0.4, 0.4, 0.4, 0.4, 0.4, 0.4, 0.4, 0.6, 0.6, 0.6",decreasing,0.01496
22698425,"2000, 2003, 2004, 2005, 2007, 2008, 2010, 2012, 2016, 2017","NT, EN, EN, EN, EN, EN, EN, EN, EN, EN","0.2, 0.6, 0.6, 0.6, 0.6, 0.6, 0.6, 0.6, 0.6, 0.6",decreasing,0.01173
22698448,"1994, 2000, 2003, 2004, 2005, 2008, 2010, 2012, 2016, 2017","LC, NT, NT, NT, NT, NT, NT, NT, NT, NT","0, 0.2, 0.2, 0.2, 0.2, 0.2, 0.2, 0.2, 0.2, 0.2",decreasing,0.00557
22698511,"1994, 2000, 2004, 2008, 2009, 2012, 2016, 2017","LC, LC, LC, LC, LC, LC, VU, VU","0, 0, 0, 0, 0, 0, 0.4, 0.4",decreasing,0.01651
22698562,"1994, 2000, 2004, 2005, 2007, 2008, 2010, 2012, 2013, 2016","NT, NT, EN, EN, EN, EN, EN, EN, EN, EN","0.2, 0.2, 0.6, 0.6, 0.6, 0.6, 0.6, 0.6, 0.6, 0.6",decreasing,0.02068
22724836,"2012, 2013, 2015, 2016","EN, EN, VU, VU","0.6, 0.6, 0.4, 0.4",decreasing,-0.06
22724879,"2012, 2013, 2016","LC, LC, LC","0, 0, 0",unknown,0
22728328,"1994, 2000, 2003, 2004, 2005, 2008, 2010, 2012, 2016, 2017","NT, VU, VU, VU, VU, NT, NT, NT, NT, NT","0.2, 0.4, 0.4, 0.4, 0.4, 0.2, 0.2, 0.2, 0.2, 0.2",stable,-0.00674
22728372,"2000, 2003, 2004, 2005, 2007, 2008, 2010, 2012, 2016, 2017","VU, EN, EN, EN, EN, EN, EN, EN, EN, EN","0.4, 0.6, 0.6, 0.6, 0.6, 0.6, 0.6, 0.6, 0.6, 0.6",decreasing,0.00587
22728950,"1994, 2000, 2004, 2008, 2009, 2012, 2016","LC, LC, LC, LC, LC, LC, LC","0, 0, 0, 0, 0, 0, 0",decreasing,0
22728990,"2000, 2004, 2008, 2009, 2012, 2016","LC, LC, LC, LC, LC, LC","0, 0, 0, 0, 0, 0",decreasing,0
22729000,"2000, 2004, 2008, 2010, 2012, 2016","LC, NT, NT, NT, NT, NT","0, 0.2, 0.2, 0.2, 0.2, 0.2",decreasing,0.0102
22729421,"2004, 2008, 2010, 2012, 2016, 2017","NT, NT, NT, NT, NT, NT","0.2, 0.2, 0.2, 0.2, 0.2, 0.2",decreasing,0
22729604,"2007, 2008, 2010, 2012, 2016","NT, NT, NT, NT, NT","0.2, 0.2, 0.2, 0.2, 0.2",unknown,0
22733989,"1994, 2000, 2004, 2008, 2009, 2012, 2016","LC, LC, LC, LC, LC, LC, LC","0, 0, 0, 0, 0, 0, 0",increasing,0
22735929,"2010, 2012, 2013, 2014, 2016, 2017","LC, LC, LC, LC, LC, LC","0, 0, 0, 0, 0, 0",increasing,0
22736173,"2010, 2012, 2016","LC, LC, LC","0, 0, 0",decreasing,0
