iucn_sid,pop_trend,trend_score,trend_source
222,decreasing,-0,lm
224,decreasing,0.00447,regr
225,decreasing,0.00447,regr
229,decreasing,0.00447,regr
230,decreasing,0.00789,lm
232,decreasing,0.00447,regr
233,stable,0,regr
234,stable,0,regr
236,decreasing,0.00447,regr
241,decreasing,0.00447,regr
245,increasing,-0.00447,regr
697,unknown,NA,NA
903,unknown,NA,NA
904,stable,0,regr
907,decreasing,0.00447,regr
1086,unknown,-0.01429,lm
1308,unknown,NA,NA
1615,unknown,NA,NA
1847,stable,0,regr
2055,increasing,0,lm
2057,decreasing,0.01119,lm
2058,decreasing,0,lm
2059,increasing,-0.01891,lm
2060,increasing,0,lm
2061,increasing,-0.01891,lm
2062,stable,0,lm
2352,unknown,NA,NA
2467,increasing,-0.02553,lm
2474,stable,0,regr
2475,unknown,0.0093,lm
2477,increasing,-0,lm
2478,unknown,0.00687,lm
2539,decreasing,0.00447,regr
2958,NA,NA,NA
3381,stable,-0.0105,lm
3565,NA,NA,NA
3590,decreasing,-0,lm
3851,unknown,-0.01278,lm
3852,decreasing,-0.00902,lm
3853,decreasing,0.00376,lm
3854,unknown,-0.01278,lm
3855,unknown,-0,lm
3897,decreasing,-0.00427,lm
4159,unknown,NA,NA
4160,decreasing,-0,lm
4162,decreasing,0.00934,lm
4292,decreasing,-0,lm
4362,stable,0,regr
4364,stable,0,regr
4592,decreasing,0.00447,regr
4615,decreasing,-0,lm
4987,unknown,NA,NA
5360,unknown,NA,NA
5363,unknown,NA,NA
5369,unknown,NA,NA
5659,increasing,-0,lm
5668,NA,NA,NA
5675,unknown,NA,NA
6204,unknown,0.02105,lm
6229,unknown,-0.00769,lm
6335,unknown,-0.01745,lm
6336,unknown,NA,NA
6494,decreasing,-0.01189,lm
6909,decreasing,0,lm
7011,NA,NA,NA
7135,stable,-0.0105,lm
7750,decreasing,0.02439,lm
7854,unknown,NA,NA
7858,decreasing,0.00447,regr
7859,decreasing,0.00447,regr
7860,unknown,NA,NA
7861,decreasing,-0,lm
7862,decreasing,0.00447,regr
8005,decreasing,0.0093,lm
8010,unknown,0,lm
8097,stable,0,regr
8153,increasing,-0.02434,lm
8239,increasing,-0.01261,lm
8262,NA,NA,NA
8407,unknown,NA,NA
8408,unknown,NA,NA
8784,NA,NA,NA
8951,stable,0,lm
9266,stable,-0.01025,lm
9281,decreasing,0.00447,regr
9461,unknown,NA,NA
9660,increasing,0,lm
10030,unknown,-0.02131,lm
10057,unknown,NA,NA
10063,unknown,NA,NA
10066,decreasing,-0,lm
10070,decreasing,0.00447,regr
10072,decreasing,0,lm
10074,unknown,NA,NA
10075,decreasing,-0,lm
10082,decreasing,0.00447,regr
10083,unknown,-0.02041,lm
10087,decreasing,-0,lm
10088,decreasing,0.00447,regr
10089,stable,0,regr
10097,NA,NA,NA
10105,NA,NA,NA
10269,decreasing,0.00447,regr
10303,NA,NA,NA
10340,unknown,0,lm
10708,unknown,NA,NA
11030,unknown,NA,NA
11130,decreasing,0.00447,regr
11140,unknown,NA,NA
11141,unknown,NA,NA
11142,unknown,0,lm
11144,unknown,NA,NA
11145,unknown,0,lm
11200,decreasing,0.00263,lm
11206,unknown,NA,NA
11375,unknown,0.06429,lm
11533,NA,NA,NA
11534,decreasing,-0.01512,lm
11696,unknown,0,lm
11987,decreasing,0.00447,regr
12103,NA,NA,NA
12125,unknown,0,lm
12137,decreasing,0.00447,regr
12246,unknown,0,lm
12416,decreasing,0.00447,regr
12417,decreasing,0.00447,regr
12419,decreasing,0.0037200000000000002,lm
13006,increasing,-0.03023,lm
13045,NA,NA,NA
13581,increasing,0,lm
13583,stable,0,lm
13653,increasing,7.5e-4,lm
13654,decreasing,0.00318,lm
13704,unknown,-0.02295,lm
14049,decreasing,0.01729,lm
14050,decreasing,0.00447,regr
14051,unknown,0,lm
14052,decreasing,0.00447,regr
14053,decreasing,-0,lm
14054,unknown,NA,NA
14214,stable,-0.01374,lm
14264,decreasing,0.00447,regr
14524,unknown,NA,NA
14549,decreasing,0.01456,lm
15106,unknown,NA,NA
15239,unknown,NA,NA
15269,unknown,0,lm
15319,NA,NA,NA
15419,decreasing,0.00447,regr
15873,unknown,NA,NA
15939,NA,NA,NA
16011,NA,NA,NA
16012,unknown,NA,NA
16474,unknown,NA,NA
16564,unknown,NA,NA
16781,stable,0,lm
17013,unknown,0,lm
17023,unknown,NA,NA
17026,decreasing,0.00787,lm
17027,unknown,NA,NA
17028,decreasing,0.00582,lm
17032,unknown,-0.02692,lm
17096,decreasing,0.00447,regr
17177,decreasing,0.00447,regr
17710,NA,NA,NA
17978,decreasing,-0,lm
18175,decreasing,0.01396,lm
18376,unknown,0,lm
18510,NA,NA,NA
18878,stable,0,lm
19301,NA,NA,NA
19388,stable,0,regr
19488,decreasing,0.01343,lm
19855,NA,NA,NA
19861,unknown,NA,NA
19877,unknown,NA,NA
19899,unknown,NA,NA
19950,decreasing,0.00447,regr
20047,decreasing,0.00447,regr
20084,NA,NA,NA
20085,NA,NA,NA
20317,unknown,NA,NA
20425,decreasing,0.0459,lm
20729,unknown,-0.02692,lm
20731,unknown,NA,NA
20738,unknown,NA,NA
20795,unknown,NA,NA
21257,unknown,NA,NA
21341,decreasing,0.00447,regr
21342,unknown,NA,NA
21343,decreasing,0.00447,regr
21856,decreasing,0.00447,regr
21857,decreasing,0.00447,regr
21858,decreasing,0.00447,regr
21859,decreasing,0.00447,regr
21860,decreasing,0.00447,regr
21994,unknown,NA,NA
22003,decreasing,0.00789,lm
22103,decreasing,0,lm
22135,NA,NA,NA
22136,NA,NA,NA
22137,NA,NA,NA
22138,NA,NA,NA
22140,NA,NA,NA
22563,unknown,NA,NA
23148,decreasing,0.00447,regr
23211,unknown,NA,NA
23259,stable,0,regr
29609,NA,NA,NA
39302,NA,NA,NA
39303,decreasing,0.00447,regr
39304,NA,NA,NA
39327,stable,-0.00876,lm
39328,decreasing,-0,lm
39329,decreasing,0.00447,regr
39330,decreasing,0.00447,regr
39332,decreasing,0.00447,regr
39334,stable,0,lm
39337,unknown,NA,NA
39338,unknown,NA,NA
39339,decreasing,0.00447,regr
39341,decreasing,0.00447,regr
39342,stable,0,regr
39345,unknown,NA,NA
39346,unknown,NA,NA
39348,unknown,NA,NA
39349,unknown,NA,NA
39350,unknown,NA,NA
39351,increasing,-0.01751,lm
39352,decreasing,0.00447,regr
39353,unknown,NA,NA
39354,stable,-0.01343,lm
39355,stable,-0.01751,lm
39356,increasing,-0.00447,regr
39357,unknown,NA,NA
39358,decreasing,0.00447,regr
39359,unknown,NA,NA
39362,unknown,NA,NA
39365,unknown,NA,NA
39367,unknown,NA,NA
39368,unknown,NA,NA
39369,unknown,NA,NA
39370,decreasing,0.01838,lm
39372,unknown,NA,NA
39374,decreasing,0.01228,lm
39375,decreasing,0.00447,regr
39378,unknown,NA,NA
39380,unknown,-0,lm
39381,unknown,NA,NA
39383,unknown,NA,NA
39384,unknown,NA,NA
39385,unknown,NA,NA
39386,decreasing,0.00447,regr
39387,stable,0,lm
39388,decreasing,0.00447,regr
39389,decreasing,-7.9e-4,lm
39393,decreasing,0.01496,lm
39394,decreasing,0.00447,regr
39396,unknown,0,lm
39397,decreasing,0.00447,regr
39399,decreasing,-0,lm
39400,decreasing,0.00447,regr
39412,unknown,NA,NA
39413,decreasing,-0,lm
39415,decreasing,0.00447,regr
39416,unknown,0,lm
39418,decreasing,0.01228,lm
39771,stable,0,regr
39773,unknown,NA,NA
39774,decreasing,0.00447,regr
40715,unknown,NA,NA
40797,unknown,NA,NA
40802,decreasing,0,lm
41005,decreasing,0.00447,regr
41007,decreasing,0.00447,regr
41008,decreasing,0.00447,regr
41009,unknown,NA,NA
41010,decreasing,0.00447,regr
41064,decreasing,-0,lm
41664,increasing,0,lm
41665,stable,0,lm
41666,increasing,0,lm
41668,decreasing,0.01119,lm
41670,unknown,NA,NA
41671,increasing,0,lm
41672,unknown,0,lm
41711,unknown,NA,NA
41712,unknown,NA,NA
41718,unknown,NA,NA
41719,unknown,NA,NA
41720,stable,0,regr
41722,unknown,NA,NA
41723,unknown,NA,NA
41724,unknown,NA,NA
41725,unknown,NA,NA
41726,unknown,NA,NA
41727,unknown,NA,NA
41728,unknown,NA,NA
41729,unknown,NA,NA
41730,unknown,NA,NA
41732,unknown,NA,NA
41734,decreasing,0.00447,regr
41735,stable,0,regr
41736,unknown,NA,NA
41737,unknown,NA,NA
41738,unknown,NA,NA
41739,stable,0,regr
41740,decreasing,0.00447,regr
41741,unknown,NA,NA
41743,stable,0,regr
41747,unknown,NA,NA
41749,unknown,NA,NA
41752,stable,0,regr
41753,stable,0,regr
41755,unknown,NA,NA
41791,unknown,NA,NA
41792,unknown,NA,NA
41794,unknown,NA,NA
41796,stable,0,regr
41797,decreasing,0.00447,regr
41798,unknown,NA,NA
41799,stable,0,regr
41800,stable,0,regr
41802,unknown,NA,NA
41804,unknown,NA,NA
41805,unknown,NA,NA
41806,unknown,NA,NA
41807,unknown,NA,NA
41808,unknown,NA,NA
41809,unknown,NA,NA
41810,decreasing,0.00447,regr
41811,unknown,NA,NA
41814,unknown,NA,NA
41816,decreasing,0.00447,regr
41818,stable,0,regr
41820,unknown,NA,NA
41823,unknown,NA,NA
41824,unknown,NA,NA
41825,unknown,NA,NA
41826,stable,0,regr
41827,stable,0,regr
41828,unknown,NA,NA
41829,unknown,NA,NA
41830,unknown,NA,NA
41831,unknown,NA,NA
41832,unknown,NA,NA
41833,unknown,NA,NA
41835,decreasing,0.00447,regr
41836,decreasing,0.00447,regr
41837,unknown,-0.01667,lm
41838,unknown,-0.01667,lm
41839,unknown,NA,NA
41841,unknown,NA,NA
41842,unknown,NA,NA
41844,unknown,NA,NA
41846,stable,0,regr
41848,decreasing,0.00447,regr
41849,decreasing,0.00447,regr
41850,unknown,NA,NA
41851,unknown,NA,NA
41852,unknown,NA,NA
41853,decreasing,0.00447,regr
41858,unknown,NA,NA
41862,stable,0,regr
41864,unknown,NA,NA
41871,decreasing,0.00447,regr
41872,decreasing,0.00447,regr
41873,unknown,NA,NA
41874,decreasing,0.00447,regr
41876,decreasing,0.00447,regr
41878,decreasing,0.00447,regr
41880,decreasing,0.00447,regr
42700,unknown,NA,NA
42704,unknown,NA,NA
42706,unknown,NA,NA
42707,decreasing,0.00447,regr
42712,decreasing,0.00447,regr
42713,unknown,0,lm
42716,unknown,NA,NA
42717,unknown,NA,NA
42720,unknown,NA,NA
42721,unknown,NA,NA
42727,unknown,NA,NA
42728,unknown,NA,NA
42729,decreasing,0.00447,regr
42730,unknown,NA,NA
43974,decreasing,0.00447,regr
44183,stable,-0.01343,lm
44186,unknown,NA,NA
44217,unknown,NA,NA
44222,unknown,NA,NA
44223,unknown,NA,NA
44463,decreasing,0.00447,regr
44496,unknown,NA,NA
44565,stable,0,regr
44566,unknown,NA,NA
44575,decreasing,0.00447,regr
44577,unknown,NA,NA
44581,decreasing,0.00447,regr
44582,unknown,NA,NA
44583,unknown,NA,NA
44586,unknown,NA,NA
44591,unknown,NA,NA
44598,unknown,NA,NA
44599,unknown,NA,NA
44602,unknown,NA,NA
44606,stable,0,regr
44609,stable,0,regr
44611,unknown,NA,NA
44618,unknown,NA,NA
44619,unknown,NA,NA
44620,unknown,NA,NA
44642,decreasing,0.00447,regr
44649,stable,0,regr
44650,stable,0,regr
44651,unknown,NA,NA
44654,unknown,NA,NA
44655,unknown,NA,NA
44656,decreasing,0.00447,regr
44657,unknown,NA,NA
44668,unknown,NA,NA
44669,unknown,NA,NA
44670,unknown,NA,NA
44673,unknown,NA,NA
44674,decreasing,0.00447,regr
44675,unknown,NA,NA
44677,decreasing,0.00447,regr
44681,decreasing,0.00447,regr
44682,unknown,NA,NA
44683,decreasing,0.00447,regr
44684,decreasing,0.00447,regr
44686,unknown,NA,NA
44993,decreasing,0.00447,regr
46863,NA,NA,NA
46864,unknown,NA,NA
46865,unknown,NA,NA
60081,unknown,NA,NA
60083,stable,0,regr
60085,stable,0,regr
60088,decreasing,0.00447,regr
60090,unknown,NA,NA
60091,unknown,NA,NA
60092,stable,0,regr
60093,unknown,NA,NA
60099,unknown,NA,NA
60100,unknown,NA,NA
60102,stable,0,regr
60103,unknown,NA,NA
60104,decreasing,0.00447,regr
60105,decreasing,0.00447,regr
60106,unknown,NA,NA
60108,stable,0,regr
60109,unknown,NA,NA
60111,unknown,NA,NA
60112,unknown,NA,NA
60113,decreasing,0.00447,regr
60117,decreasing,0.00447,regr
60119,decreasing,0.00447,regr
60120,decreasing,0.00447,regr
60121,decreasing,0.00447,regr
60128,unknown,NA,NA
60129,unknown,NA,NA
60130,unknown,NA,NA
60138,stable,0,regr
60139,unknown,NA,NA
60140,stable,0,regr
60143,unknown,NA,NA
60145,unknown,NA,NA
60146,unknown,NA,NA
60147,unknown,NA,NA
60148,unknown,NA,NA
60150,unknown,NA,NA
60153,unknown,NA,NA
60155,unknown,NA,NA
60156,unknown,-0.02295,lm
60158,unknown,NA,NA
60159,unknown,NA,NA
60160,unknown,NA,NA
60162,decreasing,0.00447,regr
60163,unknown,NA,NA
60164,unknown,NA,NA
60166,decreasing,0.00447,regr
60168,unknown,NA,NA
60171,decreasing,0.00447,regr
60175,unknown,NA,NA
60180,decreasing,0.00447,regr
60185,unknown,NA,NA
60191,increasing,-0.00447,regr
60192,stable,0,regr
60195,stable,0,regr
60197,unknown,NA,NA
60198,unknown,NA,NA
60199,decreasing,0.00447,regr
60200,decreasing,0.00447,regr
60202,decreasing,0.00447,regr
60203,decreasing,0.00447,regr
60204,unknown,NA,NA
60210,unknown,NA,NA
60212,unknown,NA,NA
60213,unknown,NA,NA
60214,unknown,NA,NA
60217,decreasing,0.00447,regr
60218,decreasing,0.00447,regr
60219,decreasing,0.00447,regr
60222,unknown,NA,NA
60225,decreasing,0.00447,regr
60228,unknown,NA,NA
60231,unknown,NA,NA
60233,increasing,-0.00447,regr
60236,unknown,NA,NA
60239,unknown,NA,NA
60243,unknown,NA,NA
60244,unknown,NA,NA
60245,unknown,NA,NA
60246,unknown,NA,NA
60344,decreasing,-0,lm
61333,decreasing,0.00447,regr
61337,unknown,NA,NA
61338,decreasing,0.00447,regr
61339,decreasing,0.00447,regr
61340,decreasing,0.00447,regr
61398,decreasing,0.00447,regr
61403,unknown,NA,NA
61404,unknown,NA,NA
61405,decreasing,0.00447,regr
61407,stable,0,regr
61408,decreasing,0.00447,regr
61417,decreasing,0.00447,regr
61418,decreasing,0.00447,regr
61743,stable,0,regr
62223,unknown,NA,NA
63100,decreasing,0.00447,regr
63102,unknown,NA,NA
63103,unknown,NA,NA
63104,decreasing,0.00447,regr
63106,decreasing,0.00447,regr
63107,unknown,NA,NA
63108,unknown,NA,NA
63109,unknown,NA,NA
63110,decreasing,0.00447,regr
63111,unknown,NA,NA
63113,decreasing,0.00447,regr
63114,stable,0,regr
63116,decreasing,0.00447,regr
63117,unknown,NA,NA
63118,unknown,NA,NA
63119,unknown,NA,NA
63120,decreasing,0.00447,regr
63122,unknown,NA,NA
63123,unknown,NA,NA
63126,unknown,NA,NA
63127,unknown,NA,NA
63128,decreasing,0.00447,regr
63129,decreasing,0.00447,regr
63131,decreasing,0.00447,regr
63132,decreasing,0.00447,regr
63141,unknown,NA,NA
63144,unknown,NA,NA
63145,unknown,NA,NA
63146,stable,0,regr
63152,unknown,NA,NA
63153,decreasing,0.00447,regr
63154,decreasing,0.00447,regr
63155,unknown,NA,NA
63156,unknown,NA,NA
63165,stable,0,regr
63570,unknown,NA,NA
63571,decreasing,0.00447,regr
64396,decreasing,0.00447,regr
64400,decreasing,0.00447,regr
64407,unknown,NA,NA
64410,decreasing,0.00447,regr
64411,decreasing,0.00447,regr
64412,decreasing,0.00447,regr
132722,decreasing,0.00447,regr
132723,decreasing,0.00447,regr
132726,unknown,NA,NA
132727,stable,0,regr
132729,stable,0,regr
132730,unknown,NA,NA
132732,decreasing,0.00447,regr
132733,stable,0,regr
132736,decreasing,0.00447,regr
132737,unknown,NA,NA
132738,stable,0,regr
132741,decreasing,0.00447,regr
132742,unknown,NA,NA
132743,unknown,NA,NA
132745,decreasing,0.00447,regr
132747,unknown,NA,NA
132748,unknown,NA,NA
132749,unknown,NA,NA
132751,unknown,NA,NA
132753,decreasing,0.00447,regr
132754,unknown,NA,NA
132755,unknown,NA,NA
132756,unknown,NA,NA
132757,stable,0,regr
132759,decreasing,0.00447,regr
132761,stable,0,regr
132764,unknown,NA,NA
132766,unknown,NA,NA
132767,unknown,NA,NA
132771,unknown,NA,NA
132773,unknown,NA,NA
132774,unknown,NA,NA
132775,decreasing,0.00447,regr
132776,decreasing,0.00447,regr
132777,decreasing,0.00447,regr
132778,stable,0,regr
132779,unknown,NA,NA
132781,stable,0,regr
132783,unknown,NA,NA
132787,unknown,NA,NA
132788,stable,0,regr
132789,unknown,NA,NA
132790,unknown,NA,NA
132795,unknown,NA,NA
132799,decreasing,0.00447,regr
132802,unknown,NA,NA
132803,unknown,NA,NA
132804,unknown,NA,NA
132805,unknown,NA,NA
132806,decreasing,0.00447,regr
132807,unknown,NA,NA
132808,unknown,NA,NA
132810,decreasing,0.00447,regr
132811,unknown,NA,NA
132815,unknown,NA,NA
132817,decreasing,0.00447,regr
132818,decreasing,0.00447,regr
132819,decreasing,0.00447,regr
132822,stable,0,regr
132823,stable,0,regr
132825,unknown,NA,NA
132826,decreasing,0.00447,regr
132827,stable,0,regr
132829,unknown,NA,NA
132830,stable,0,regr
132859,unknown,NA,NA
132860,unknown,NA,NA
132866,decreasing,0.00447,regr
132869,decreasing,0.00447,regr
132871,unknown,NA,NA
132872,decreasing,0.00447,regr
132874,unknown,NA,NA
132876,unknown,NA,NA
132877,unknown,NA,NA
132878,decreasing,0.00447,regr
132879,unknown,NA,NA
132880,unknown,NA,NA
132881,unknown,NA,NA
132883,decreasing,0.00447,regr
132884,stable,0,regr
132885,unknown,NA,NA
132887,unknown,NA,NA
132888,decreasing,0.00447,regr
132889,unknown,NA,NA
132890,unknown,NA,NA
132893,decreasing,0.00447,regr
132894,decreasing,0.00447,regr
132895,unknown,NA,NA
132899,decreasing,0.00447,regr
132900,unknown,NA,NA
132901,unknown,NA,NA
132903,unknown,NA,NA
132904,unknown,NA,NA
132905,unknown,NA,NA
132907,unknown,NA,NA
132909,decreasing,0.00447,regr
132910,decreasing,0.00447,regr
132911,unknown,NA,NA
132913,decreasing,0.00447,regr
132916,unknown,NA,NA
132917,unknown,NA,NA
132922,decreasing,0.00447,regr
132923,unknown,NA,NA
132924,unknown,NA,NA
132925,unknown,NA,NA
132927,unknown,NA,NA
132928,unknown,NA,NA
132929,unknown,NA,NA
132931,decreasing,0.00447,regr
132933,decreasing,0.00447,regr
132935,decreasing,0.00447,regr
132936,decreasing,0.00447,regr
132937,unknown,NA,NA
132940,decreasing,0.00447,regr
132942,decreasing,0.00447,regr
132944,decreasing,0.00447,regr
132947,unknown,NA,NA
132948,decreasing,0.00447,regr
132953,unknown,NA,NA
132956,unknown,NA,NA
132957,unknown,NA,NA
132958,unknown,NA,NA
132960,unknown,NA,NA
132962,unknown,NA,NA
132963,stable,0,regr
132967,unknown,NA,NA
132968,unknown,NA,NA
132969,decreasing,0.00447,regr
132970,decreasing,0.00447,regr
132972,decreasing,0.00447,regr
132974,unknown,NA,NA
132975,unknown,NA,NA
132976,decreasing,0.00447,regr
132978,decreasing,0.00447,regr
132979,decreasing,0.00447,regr
132980,decreasing,0.00447,regr
132981,decreasing,0.00447,regr
132983,decreasing,0.00447,regr
132984,decreasing,0.00447,regr
132985,unknown,NA,NA
132986,unknown,NA,NA
132987,decreasing,0.00447,regr
132988,decreasing,0.00447,regr
132990,decreasing,0.00447,regr
132991,unknown,NA,NA
132992,decreasing,0.00447,regr
132993,unknown,NA,NA
132995,unknown,NA,NA
132996,unknown,NA,NA
132997,decreasing,0.00447,regr
132998,decreasing,0.00447,regr
133001,unknown,NA,NA
133002,stable,0,regr
133003,decreasing,0.00447,regr
133006,stable,0,regr
133008,unknown,NA,NA
133009,decreasing,0.00447,regr
133010,decreasing,0.00447,regr
133011,unknown,NA,NA
133012,decreasing,0.00447,regr
133013,decreasing,0.00447,regr
133015,decreasing,0.00447,regr
133016,unknown,NA,NA
133019,unknown,NA,NA
133020,decreasing,0.00447,regr
133021,decreasing,0.00447,regr
133023,unknown,NA,NA
133024,unknown,NA,NA
133025,decreasing,0.00447,regr
133026,unknown,NA,NA
133027,stable,0,regr
133028,unknown,NA,NA
133029,decreasing,0.00447,regr
133031,decreasing,0.00447,regr
133032,unknown,NA,NA
133033,decreasing,0.00447,regr
133034,unknown,NA,NA
133038,unknown,NA,NA
133039,unknown,NA,NA
133041,unknown,NA,NA
133042,stable,0,regr
133043,unknown,NA,NA
133044,unknown,NA,NA
133045,unknown,NA,NA
133046,decreasing,0.00447,regr
133047,stable,0,regr
133048,decreasing,0.00447,regr
133049,unknown,NA,NA
133053,unknown,NA,NA
133054,unknown,NA,NA
133055,decreasing,0.00447,regr
133056,decreasing,0.00447,regr
133057,unknown,NA,NA
133058,unknown,NA,NA
133059,decreasing,0.00447,regr
133060,decreasing,0.00447,regr
133062,unknown,NA,NA
133063,unknown,NA,NA
133065,unknown,NA,NA
133066,decreasing,0.00447,regr
133067,decreasing,0.00447,regr
133068,decreasing,0.00447,regr
133069,decreasing,0.00447,regr
133070,decreasing,0.00447,regr
133071,decreasing,0.00447,regr
133074,decreasing,0.00447,regr
133075,unknown,NA,NA
133076,unknown,NA,NA
133077,unknown,NA,NA
133078,decreasing,0.00447,regr
133079,decreasing,0.00447,regr
133080,decreasing,0.00447,regr
133081,decreasing,0.00447,regr
133082,unknown,NA,NA
133083,unknown,NA,NA
133084,decreasing,0.00447,regr
133085,stable,0,regr
133087,decreasing,0.00447,regr
133088,decreasing,0.00447,regr
133089,unknown,NA,NA
133090,decreasing,0.00447,regr
133091,unknown,NA,NA
133094,stable,0,regr
133095,unknown,NA,NA
133097,unknown,NA,NA
133098,unknown,NA,NA
133099,unknown,NA,NA
133101,decreasing,0.00447,regr
133102,decreasing,0.00447,regr
133105,unknown,NA,NA
133106,unknown,NA,NA
133109,unknown,NA,NA
133110,unknown,NA,NA
133111,decreasing,0.00447,regr
133112,decreasing,0.00447,regr
133113,decreasing,0.00447,regr
133114,unknown,NA,NA
133115,decreasing,0.00447,regr
133116,unknown,NA,NA
133117,decreasing,0.00447,regr
133120,decreasing,0.00447,regr
133121,stable,0,regr
133124,stable,0,regr
133126,unknown,NA,NA
133127,unknown,NA,NA
133129,decreasing,0.00447,regr
133131,decreasing,0.00447,regr
133132,decreasing,0.00447,regr
133133,decreasing,0.00447,regr
133134,decreasing,0.00447,regr
133135,stable,0,regr
133136,decreasing,0.00447,regr
133137,decreasing,0.00447,regr
133139,decreasing,0.00447,regr
133140,stable,0,regr
133142,decreasing,0.00447,regr
133144,stable,0,regr
133146,unknown,NA,NA
133147,unknown,NA,NA
133148,unknown,NA,NA
133151,decreasing,0.00447,regr
133152,unknown,NA,NA
133155,stable,0,regr
133156,unknown,NA,NA
133157,unknown,NA,NA
133158,unknown,NA,NA
133160,decreasing,0.00447,regr
133161,decreasing,0.00447,regr
133163,unknown,NA,NA
133164,decreasing,0.00447,regr
133165,unknown,NA,NA
133166,unknown,NA,NA
133167,decreasing,0.00447,regr
133168,increasing,-0.00447,regr
133169,unknown,NA,NA
133171,unknown,NA,NA
133172,unknown,NA,NA
133173,unknown,NA,NA
133174,decreasing,0.00447,regr
133175,decreasing,0.00447,regr
133176,stable,0,regr
133177,unknown,NA,NA
133178,decreasing,0.00447,regr
133179,unknown,NA,NA
133180,unknown,NA,NA
133182,decreasing,0.00447,regr
133183,unknown,NA,NA
133185,decreasing,0.00447,regr
133186,decreasing,0.00447,regr
133188,decreasing,0.00447,regr
133192,unknown,NA,NA
133193,decreasing,0.00447,regr
133194,decreasing,0.00447,regr
133196,decreasing,0.00447,regr
133197,unknown,NA,NA
133198,unknown,NA,NA
133200,decreasing,0.00447,regr
133201,unknown,NA,NA
133203,decreasing,0.00447,regr
133206,decreasing,0.00447,regr
133207,decreasing,0.00447,regr
133208,unknown,NA,NA
133209,decreasing,0.00447,regr
133210,decreasing,0.00447,regr
133212,stable,0,regr
133213,unknown,NA,NA
133215,unknown,NA,NA
133216,unknown,NA,NA
133218,unknown,NA,NA
133219,unknown,NA,NA
133220,decreasing,0.00447,regr
133222,unknown,NA,NA
133223,decreasing,0.00447,regr
133224,stable,0,regr
133225,unknown,NA,NA
133226,unknown,NA,NA
133227,decreasing,0.00447,regr
133229,decreasing,0.00447,regr
133231,decreasing,0.00447,regr
133233,decreasing,0.00447,regr
133235,unknown,NA,NA
133236,unknown,NA,NA
133237,stable,0,regr
133238,decreasing,0.00447,regr
133239,decreasing,0.00447,regr
133240,unknown,NA,NA
133242,unknown,NA,NA
133243,decreasing,0.00447,regr
133244,decreasing,0.00447,regr
133245,decreasing,0.00447,regr
133246,unknown,NA,NA
133247,decreasing,0.00447,regr
133248,decreasing,0.00447,regr
133250,decreasing,0.00447,regr
133251,unknown,NA,NA
133252,decreasing,0.00447,regr
133253,unknown,NA,NA
133255,stable,0,regr
133256,unknown,NA,NA
133257,stable,0,regr
133258,unknown,NA,NA
133259,decreasing,0.00447,regr
133261,unknown,NA,NA
133262,unknown,NA,NA
133263,decreasing,0.00447,regr
133266,decreasing,0.00447,regr
133267,decreasing,0.00447,regr
133269,unknown,NA,NA
133271,decreasing,0.00447,regr
133272,unknown,NA,NA
133277,unknown,NA,NA
133278,decreasing,0.00447,regr
133281,stable,0,regr
133283,decreasing,0.00447,regr
133284,decreasing,0.00447,regr
133288,unknown,NA,NA
133289,unknown,NA,NA
133290,decreasing,0.00447,regr
133291,decreasing,0.00447,regr
133292,decreasing,0.00447,regr
133293,decreasing,0.00447,regr
133298,decreasing,0.00447,regr
133302,decreasing,0.00447,regr
133303,decreasing,0.00447,regr
133304,unknown,NA,NA
133306,decreasing,0.00447,regr
133307,decreasing,0.00447,regr
133308,unknown,NA,NA
133309,unknown,NA,NA
133310,decreasing,0.00447,regr
133313,decreasing,0.00447,regr
133314,decreasing,0.00447,regr
133315,decreasing,0.00447,regr
133316,unknown,NA,NA
133317,unknown,NA,NA
133319,decreasing,0.00447,regr
133320,decreasing,0.00447,regr
133322,decreasing,0.00447,regr
133323,unknown,NA,NA
133324,decreasing,0.00447,regr
133325,decreasing,0.00447,regr
133326,unknown,NA,NA
133327,decreasing,0.00447,regr
133329,unknown,NA,NA
133330,unknown,NA,NA
133332,unknown,NA,NA
133333,decreasing,0.00447,regr
133337,unknown,NA,NA
133338,decreasing,0.00447,regr
133340,unknown,NA,NA
133341,decreasing,0.00447,regr
133343,decreasing,0.00447,regr
133345,decreasing,0.00447,regr
133348,decreasing,0.00447,regr
133349,unknown,NA,NA
133351,unknown,NA,NA
133353,unknown,NA,NA
133354,unknown,NA,NA
133356,unknown,NA,NA
133357,unknown,NA,NA
133359,decreasing,0.00447,regr
133360,unknown,NA,NA
133365,decreasing,0.00447,regr
133366,unknown,NA,NA
133367,decreasing,0.00447,regr
133371,stable,0,regr
133372,unknown,NA,NA
133374,decreasing,0.00447,regr
133375,decreasing,0.00447,regr
133376,unknown,NA,NA
133377,stable,0,regr
133378,unknown,NA,NA
133380,unknown,NA,NA
133381,stable,0,regr
133382,unknown,NA,NA
133384,unknown,NA,NA
133386,unknown,NA,NA
133387,decreasing,0.00447,regr
133389,stable,0,regr
133390,unknown,NA,NA
133392,decreasing,0.00447,regr
133395,stable,0,regr
133396,decreasing,0.00447,regr
133398,unknown,NA,NA
133400,stable,0,regr
133401,decreasing,0.00447,regr
133402,decreasing,0.00447,regr
133403,unknown,NA,NA
133404,decreasing,0.00447,regr
133405,decreasing,0.00447,regr
133406,unknown,NA,NA
133407,unknown,NA,NA
133408,unknown,NA,NA
133409,decreasing,0.00447,regr
133410,unknown,NA,NA
133411,unknown,NA,NA
133412,decreasing,0.00447,regr
133413,unknown,NA,NA
133414,decreasing,0.00447,regr
133415,decreasing,0.00447,regr
133416,decreasing,0.00447,regr
133417,decreasing,0.00447,regr
133418,unknown,NA,NA
133419,unknown,NA,NA
133420,decreasing,0.00447,regr
133422,decreasing,0.00447,regr
133423,unknown,NA,NA
133424,decreasing,0.00447,regr
133426,decreasing,0.00447,regr
133427,decreasing,0.00447,regr
133428,unknown,NA,NA
133429,decreasing,0.00447,regr
133431,unknown,NA,NA
133432,decreasing,0.00447,regr
133433,decreasing,0.00447,regr
133435,unknown,NA,NA
133437,unknown,NA,NA
133438,decreasing,0.00447,regr
133439,unknown,NA,NA
133440,decreasing,0.00447,regr
133442,unknown,NA,NA
133443,decreasing,0.00447,regr
133446,unknown,NA,NA
133448,unknown,NA,NA
133450,decreasing,0.00447,regr
133451,decreasing,0.00447,regr
133452,decreasing,0.00447,regr
133453,unknown,NA,NA
133456,unknown,NA,NA
133457,stable,0,regr
133458,unknown,NA,NA
133459,unknown,NA,NA
133460,decreasing,0.00447,regr
133463,decreasing,0.00447,regr
133468,decreasing,0.00447,regr
133469,decreasing,0.00447,regr
133470,unknown,NA,NA
133471,decreasing,0.00447,regr
133472,decreasing,0.00447,regr
133473,unknown,NA,NA
133474,unknown,NA,NA
133478,unknown,NA,NA
133479,decreasing,0.00447,regr
133481,decreasing,0.00447,regr
133482,unknown,NA,NA
133484,decreasing,0.00447,regr
133485,decreasing,0.00447,regr
133486,unknown,NA,NA
133488,unknown,NA,NA
133490,unknown,NA,NA
133493,decreasing,0.00447,regr
133495,unknown,NA,NA
133496,unknown,NA,NA
133497,decreasing,0.00447,regr
133498,unknown,NA,NA
133500,decreasing,0.00447,regr
133502,unknown,NA,NA
133503,unknown,NA,NA
133504,stable,0,regr
133509,unknown,NA,NA
133510,decreasing,0.00447,regr
133511,increasing,-0.00447,regr
133513,decreasing,0.00447,regr
133515,decreasing,0.00447,regr
133516,decreasing,0.00447,regr
133521,stable,0,regr
133522,stable,0,regr
133523,unknown,NA,NA
133525,decreasing,0.00447,regr
133526,unknown,NA,NA
133528,unknown,NA,NA
133529,unknown,NA,NA
133530,unknown,NA,NA
133531,decreasing,0.00447,regr
133532,decreasing,0.00447,regr
133534,unknown,NA,NA
133535,stable,0,regr
133536,stable,0,regr
133538,unknown,NA,NA
133539,unknown,NA,NA
133543,unknown,NA,NA
133545,unknown,NA,NA
133547,decreasing,0.00447,regr
133548,unknown,NA,NA
133550,decreasing,0.00447,regr
133551,unknown,NA,NA
133556,decreasing,0.00447,regr
133557,unknown,NA,NA
133558,unknown,NA,NA
133559,unknown,NA,NA
133560,decreasing,0.00447,regr
133563,decreasing,0.00447,regr
133564,stable,0,regr
133565,unknown,NA,NA
133566,unknown,NA,NA
133569,decreasing,0.00447,regr
133570,unknown,NA,NA
133571,decreasing,0.00447,regr
133573,unknown,NA,NA
133575,unknown,NA,NA
133576,decreasing,0.00447,regr
133581,unknown,NA,NA
133582,unknown,NA,NA
133584,stable,0,regr
133585,unknown,NA,NA
133587,unknown,NA,NA
133588,stable,0,regr
133589,unknown,NA,NA
133590,unknown,NA,NA
133591,stable,0,regr
133593,decreasing,0.00447,regr
133594,stable,0,regr
133595,unknown,NA,NA
133597,unknown,NA,NA
133599,decreasing,0.00447,regr
133601,decreasing,0.00447,regr
133604,decreasing,0.00447,regr
133606,unknown,NA,NA
133607,unknown,NA,NA
133609,unknown,NA,NA
133613,unknown,NA,NA
133614,unknown,NA,NA
133616,decreasing,0.00447,regr
133617,decreasing,0.00447,regr
133619,unknown,NA,NA
133620,decreasing,0.00447,regr
133621,decreasing,0.00447,regr
133622,decreasing,0.00447,regr
133623,decreasing,0.00447,regr
133624,unknown,NA,NA
133627,decreasing,0.00447,regr
133631,decreasing,0.00447,regr
133633,unknown,NA,NA
133634,decreasing,0.00447,regr
133635,decreasing,0.00447,regr
133636,unknown,NA,NA
133637,unknown,NA,NA
133638,decreasing,0.00447,regr
133639,decreasing,0.00447,regr
133640,unknown,NA,NA
133641,unknown,NA,NA
133642,unknown,NA,NA
133644,decreasing,0.00447,regr
133645,unknown,NA,NA
133646,decreasing,0.00447,regr
133647,decreasing,0.00447,regr
133648,decreasing,0.00447,regr
133649,decreasing,0.00447,regr
133650,decreasing,0.00447,regr
133651,decreasing,0.00447,regr
133652,decreasing,0.00447,regr
133654,decreasing,0.00447,regr
133657,stable,0,regr
133659,unknown,NA,NA
133660,decreasing,0.00447,regr
133661,decreasing,0.00447,regr
133662,unknown,NA,NA
133663,stable,0,regr
133665,decreasing,0.00447,regr
133666,decreasing,0.00447,regr
133668,unknown,NA,NA
133670,unknown,NA,NA
133673,unknown,NA,NA
133674,decreasing,0.00447,regr
133675,unknown,NA,NA
133676,unknown,NA,NA
133679,unknown,NA,NA
133680,increasing,-0.00447,regr
133682,decreasing,0.00447,regr
133685,unknown,NA,NA
133686,unknown,NA,NA
133688,decreasing,0.00447,regr
133690,decreasing,0.00447,regr
133693,unknown,NA,NA
133695,decreasing,0.00447,regr
133696,decreasing,0.00447,regr
133697,unknown,NA,NA
133698,decreasing,0.00447,regr
133700,decreasing,0.00447,regr
133702,unknown,NA,NA
135301,stable,0,regr
135491,unknown,NA,NA
135525,unknown,NA,NA
135567,stable,0,lm
135574,unknown,NA,NA
135579,unknown,NA,NA
135606,unknown,NA,NA
135660,unknown,NA,NA
135672,decreasing,0.00447,regr
135681,unknown,NA,NA
135689,unknown,NA,NA
135690,increasing,-0.00447,regr
135714,unknown,NA,NA
135717,decreasing,0.00447,regr
135719,unknown,NA,NA
136315,decreasing,0.00447,regr
154613,stable,0,regr
154615,unknown,NA,NA
154616,unknown,NA,NA
154618,unknown,NA,NA
154619,unknown,NA,NA
154620,unknown,NA,NA
154623,stable,0,regr
154624,unknown,NA,NA
154626,unknown,NA,NA
154628,unknown,NA,NA
154630,unknown,NA,NA
154631,unknown,NA,NA
154632,stable,0,regr
154634,unknown,NA,NA
154635,unknown,NA,NA
154638,unknown,NA,NA
154641,unknown,NA,NA
154643,stable,0,regr
154644,unknown,NA,NA
154647,unknown,NA,NA
154649,decreasing,0.00447,regr
154653,unknown,NA,NA
154655,unknown,NA,NA
154657,unknown,NA,NA
154658,unknown,NA,NA
154660,stable,0,regr
154663,unknown,NA,NA
154665,unknown,NA,NA
154667,unknown,NA,NA
154669,unknown,NA,NA
154670,unknown,NA,NA
154673,unknown,NA,NA
154674,unknown,NA,NA
154676,stable,0,regr
154677,stable,0,regr
154678,unknown,NA,NA
154680,unknown,NA,NA
154682,unknown,NA,NA
154683,stable,0,regr
154684,unknown,NA,NA
154686,unknown,NA,NA
154687,unknown,NA,NA
154691,unknown,NA,NA
154692,unknown,NA,NA
154693,unknown,NA,NA
154694,unknown,NA,NA
154695,unknown,NA,NA
154696,unknown,NA,NA
154697,unknown,NA,NA
154698,unknown,NA,NA
154701,unknown,NA,NA
154705,decreasing,0.00447,regr
154706,unknown,NA,NA
154707,stable,0,regr
154709,unknown,NA,NA
154711,unknown,NA,NA
154712,stable,0,regr
154713,unknown,NA,NA
154715,unknown,NA,NA
154718,unknown,NA,NA
154721,unknown,NA,NA
154722,unknown,NA,NA
154726,unknown,NA,NA
154728,unknown,NA,NA
154729,unknown,NA,NA
154730,unknown,NA,NA
154731,stable,0,regr
154732,decreasing,0.00447,regr
154734,decreasing,0.00447,regr
154736,unknown,NA,NA
154740,unknown,NA,NA
154741,stable,0,regr
154742,decreasing,0.00447,regr
154743,unknown,NA,NA
154744,unknown,NA,NA
154745,unknown,NA,NA
154747,unknown,NA,NA
154748,unknown,NA,NA
154749,unknown,NA,NA
154750,unknown,NA,NA
154753,unknown,NA,NA
154754,unknown,NA,NA
154755,decreasing,0.00447,regr
154760,stable,0,regr
154765,unknown,NA,NA
154766,unknown,NA,NA
154767,unknown,NA,NA
154770,unknown,NA,NA
154771,unknown,NA,NA
154774,unknown,NA,NA
154775,stable,0,regr
154779,unknown,NA,NA
154780,unknown,NA,NA
154781,unknown,NA,NA
154785,stable,0,regr
154788,stable,0,regr
154789,unknown,NA,NA
154790,unknown,NA,NA
154792,unknown,NA,NA
154793,decreasing,0.00447,regr
154794,unknown,NA,NA
154797,unknown,NA,NA
154798,unknown,NA,NA
154799,unknown,NA,NA
154801,unknown,NA,NA
154802,decreasing,0.00447,regr
154803,unknown,NA,NA
154806,unknown,NA,NA
154807,unknown,NA,NA
154808,unknown,NA,NA
154809,unknown,NA,NA
154812,stable,0,regr
154813,unknown,NA,NA
154814,unknown,NA,NA
154815,unknown,NA,NA
154816,unknown,NA,NA
154817,unknown,NA,NA
154818,unknown,NA,NA
154820,unknown,NA,NA
154822,stable,0,regr
154823,unknown,NA,NA
154825,unknown,NA,NA
154827,unknown,NA,NA
154828,unknown,NA,NA
154829,stable,0,regr
154830,unknown,NA,NA
154831,stable,0,regr
154833,stable,0,regr
154834,stable,0,regr
154836,unknown,NA,NA
154841,unknown,NA,NA
154842,unknown,NA,NA
154844,stable,0,regr
154845,stable,0,regr
154846,unknown,NA,NA
154847,unknown,NA,NA
154848,unknown,NA,NA
154849,stable,0,regr
154850,unknown,NA,NA
154851,unknown,NA,NA
154853,decreasing,0.00447,regr
154855,unknown,0,lm
154856,unknown,NA,NA
154859,stable,0,regr
154860,unknown,NA,NA
154861,unknown,NA,NA
154863,unknown,NA,NA
154865,unknown,NA,NA
154866,unknown,NA,NA
154870,decreasing,0.00447,regr
154872,stable,0,regr
154874,unknown,NA,NA
154875,unknown,NA,NA
154878,stable,0,regr
154880,unknown,NA,NA
154882,unknown,NA,NA
154883,decreasing,0.00447,regr
154888,unknown,NA,NA
154890,unknown,NA,NA
154891,unknown,NA,NA
154894,unknown,NA,NA
154895,unknown,NA,NA
154898,unknown,NA,NA
154900,decreasing,0.00447,regr
154901,unknown,NA,NA
154904,unknown,NA,NA
154906,unknown,NA,NA
154907,unknown,NA,NA
154909,unknown,NA,NA
154910,unknown,NA,NA
154912,unknown,NA,NA
154913,unknown,NA,NA
154914,decreasing,0.00447,regr
154915,stable,0,regr
154916,unknown,NA,NA
154917,unknown,NA,NA
154918,unknown,NA,NA
154919,stable,0,regr
154920,stable,0,regr
154922,unknown,NA,NA
154924,unknown,NA,NA
154927,stable,0,regr
154928,unknown,NA,NA
154929,unknown,NA,NA
154930,unknown,NA,NA
154931,unknown,NA,NA
154932,unknown,NA,NA
154933,unknown,NA,NA
154935,unknown,NA,NA
154936,unknown,NA,NA
154937,decreasing,0.00447,regr
154938,unknown,NA,NA
154939,unknown,NA,NA
154940,unknown,NA,NA
154942,unknown,NA,NA
154943,stable,0,regr
154944,stable,0,regr
154945,unknown,NA,NA
154946,unknown,NA,NA
154947,stable,0,regr
154948,unknown,NA,NA
154951,unknown,NA,NA
154952,unknown,NA,NA
154953,unknown,NA,NA
154954,stable,0,regr
154956,stable,0,regr
154958,stable,0,regr
154959,unknown,NA,NA
154960,unknown,NA,NA
154962,unknown,NA,NA
154964,unknown,NA,NA
154967,unknown,NA,NA
154968,unknown,NA,NA
154969,unknown,NA,NA
154970,unknown,NA,NA
154971,stable,0,regr
154972,stable,0,regr
154973,unknown,NA,NA
154974,unknown,NA,NA
154975,unknown,NA,NA
154976,stable,0,regr
154977,stable,0,regr
154978,unknown,NA,NA
154980,unknown,NA,NA
154982,unknown,NA,NA
154983,decreasing,0.00447,regr
154984,stable,0,regr
154988,unknown,NA,NA
154989,decreasing,0.00447,regr
154992,unknown,NA,NA
154993,unknown,NA,NA
154995,unknown,NA,NA
154996,unknown,NA,NA
154997,unknown,NA,NA
154998,stable,0,regr
154999,unknown,NA,NA
155000,unknown,NA,NA
155001,unknown,NA,NA
155002,unknown,NA,NA
155003,unknown,NA,NA
155006,unknown,NA,NA
155008,unknown,NA,NA
155009,unknown,NA,NA
155010,unknown,NA,NA
155012,unknown,NA,NA
155013,unknown,NA,NA
155014,unknown,NA,NA
155015,unknown,NA,NA
155016,unknown,NA,NA
155017,unknown,NA,NA
155018,decreasing,0.00447,regr
155020,unknown,NA,NA
155021,unknown,NA,NA
155022,stable,0,regr
155023,unknown,NA,NA
155024,unknown,NA,NA
155025,unknown,NA,NA
155026,unknown,NA,NA
155029,unknown,NA,NA
155030,unknown,NA,NA
155032,unknown,NA,NA
155034,unknown,NA,NA
155036,unknown,NA,NA
155039,unknown,NA,NA
155040,unknown,NA,NA
155042,stable,0,regr
155043,decreasing,0.00447,regr
155044,unknown,NA,NA
155046,unknown,NA,NA
155047,unknown,NA,NA
155049,unknown,NA,NA
155050,unknown,NA,NA
155051,unknown,NA,NA
155052,unknown,NA,NA
155055,unknown,NA,NA
155056,unknown,NA,NA
155057,stable,0,regr
155058,unknown,NA,NA
155059,unknown,NA,NA
155064,stable,0,regr
155068,stable,0,regr
155071,unknown,NA,NA
155072,unknown,NA,NA
155073,unknown,NA,NA
155074,unknown,NA,NA
155075,unknown,NA,NA
155076,stable,0,regr
155077,unknown,NA,NA
155078,unknown,NA,NA
155079,unknown,NA,NA
155081,unknown,NA,NA
155083,stable,0,regr
155084,unknown,NA,NA
155087,stable,0,regr
155088,unknown,NA,NA
155089,decreasing,0.00447,regr
155090,unknown,NA,NA
155091,unknown,NA,NA
155093,unknown,NA,NA
155094,unknown,NA,NA
155096,stable,0,regr
155097,unknown,NA,NA
155099,stable,0,regr
155102,unknown,NA,NA
155104,unknown,NA,NA
155106,unknown,NA,NA
155107,unknown,NA,NA
155108,stable,0,regr
155111,unknown,NA,NA
155112,unknown,NA,NA
155114,unknown,NA,NA
155115,unknown,NA,NA
155116,unknown,NA,NA
155117,unknown,NA,NA
155118,unknown,NA,NA
155119,unknown,NA,NA
155120,decreasing,0.00447,regr
155123,increasing,-0.00447,regr
155124,unknown,NA,NA
155126,unknown,NA,NA
155128,unknown,NA,NA
155130,decreasing,0.00447,regr
155131,unknown,NA,NA
155132,unknown,NA,NA
155133,unknown,NA,NA
155134,unknown,NA,NA
155135,unknown,NA,NA
155138,unknown,NA,NA
155141,unknown,NA,NA
155142,unknown,NA,NA
155144,stable,0,regr
155146,unknown,NA,NA
155148,unknown,NA,NA
155151,unknown,NA,NA
155153,unknown,NA,NA
155156,stable,0,regr
155159,stable,0,regr
155160,unknown,NA,NA
155161,unknown,NA,NA
155163,unknown,NA,NA
155164,decreasing,0.00447,regr
155165,decreasing,0.00447,regr
155166,unknown,NA,NA
155167,unknown,NA,NA
155172,unknown,NA,NA
155174,stable,0,regr
155176,unknown,NA,NA
155177,unknown,NA,NA
155179,unknown,NA,NA
155180,unknown,NA,NA
155181,unknown,NA,NA
155182,unknown,NA,NA
155183,stable,0,regr
155184,unknown,NA,NA
155186,unknown,NA,NA
155189,unknown,NA,NA
155190,unknown,NA,NA
155192,unknown,NA,NA
155193,stable,0,regr
155194,unknown,NA,NA
155195,unknown,NA,NA
155199,unknown,NA,NA
155200,unknown,NA,NA
155201,stable,0,regr
155203,unknown,NA,NA
155204,unknown,NA,NA
155205,stable,0,regr
155208,unknown,NA,NA
155211,unknown,NA,NA
155212,decreasing,0,lm
155214,stable,0,regr
155215,unknown,NA,NA
155216,unknown,NA,NA
155219,unknown,NA,NA
155220,stable,0,regr
155221,unknown,NA,NA
155222,unknown,NA,NA
155223,unknown,NA,NA
155224,unknown,NA,NA
155225,unknown,NA,NA
155226,unknown,NA,NA
155227,unknown,NA,NA
155229,unknown,NA,NA
155231,unknown,NA,NA
155232,unknown,NA,NA
155235,unknown,NA,NA
155238,unknown,NA,NA
155239,unknown,NA,NA
155240,unknown,NA,NA
155241,unknown,NA,NA
155243,unknown,NA,NA
155244,unknown,NA,NA
155245,stable,0,regr
155246,stable,0,regr
155250,unknown,NA,NA
155252,unknown,NA,NA
155253,unknown,NA,NA
155254,unknown,NA,NA
155255,unknown,NA,NA
155257,unknown,NA,NA
155259,unknown,NA,NA
155260,unknown,NA,NA
155261,decreasing,0.00447,regr
155263,stable,0,regr
155264,unknown,NA,NA
155265,unknown,NA,NA
155266,unknown,NA,NA
155268,unknown,NA,NA
155272,unknown,NA,NA
155273,unknown,NA,NA
155274,stable,0,regr
155276,stable,0,regr
155277,unknown,NA,NA
155278,unknown,NA,NA
155281,unknown,NA,NA
155282,stable,0,regr
155285,unknown,NA,NA
155289,unknown,NA,NA
155290,unknown,NA,NA
155291,stable,0,regr
155293,unknown,NA,NA
155294,unknown,NA,NA
155295,unknown,NA,NA
155296,unknown,NA,NA
155300,unknown,NA,NA
155301,unknown,NA,NA
155302,stable,0,regr
155304,unknown,NA,NA
155308,stable,0,regr
155309,unknown,NA,NA
155310,stable,0,regr
155311,unknown,NA,NA
155313,unknown,NA,NA
155314,unknown,NA,NA
155320,unknown,NA,NA
155321,unknown,NA,NA
155322,unknown,NA,NA
155325,unknown,NA,NA
155326,unknown,NA,NA
155327,stable,0,regr
155328,unknown,NA,NA
155329,unknown,NA,NA
155330,unknown,NA,NA
158617,stable,0,regr
158625,unknown,NA,NA
158626,stable,0,regr
158627,unknown,NA,NA
158628,unknown,NA,NA
158632,stable,0,regr
161317,unknown,NA,NA
161319,stable,0,regr
161320,decreasing,0.00447,regr
161325,unknown,NA,NA
161329,unknown,NA,NA
161334,unknown,NA,NA
161336,unknown,NA,NA
161337,unknown,NA,NA
161339,decreasing,0.00447,regr
161342,unknown,NA,NA
161345,unknown,NA,NA
161346,unknown,NA,NA
161349,unknown,NA,NA
161350,unknown,NA,NA
161358,unknown,NA,NA
161360,unknown,NA,NA
161364,unknown,NA,NA
161366,unknown,NA,NA
161370,stable,0,regr
161371,unknown,NA,NA
161372,unknown,NA,NA
161373,unknown,NA,NA
161375,stable,0,regr
161376,unknown,NA,NA
161377,unknown,NA,NA
161378,decreasing,0.00447,regr
161379,unknown,NA,NA
161381,unknown,NA,NA
161383,unknown,NA,NA
161386,unknown,NA,NA
161388,unknown,NA,NA
161391,unknown,NA,NA
161395,unknown,NA,NA
161398,stable,0,regr
161399,stable,0,regr
161404,decreasing,0.00447,regr
161408,decreasing,0.00447,regr
161409,decreasing,0.00447,regr
161418,decreasing,0.00447,regr
161419,unknown,NA,NA
161423,unknown,NA,NA
161425,decreasing,0.00447,regr
161426,decreasing,0.00447,regr
161428,unknown,NA,NA
161430,stable,0,regr
161431,decreasing,0.00447,regr
161442,unknown,NA,NA
161443,unknown,NA,NA
161444,unknown,NA,NA
161449,unknown,NA,NA
161452,unknown,NA,NA
161454,unknown,NA,NA
161461,decreasing,0.00447,regr
161462,unknown,NA,NA
161463,unknown,NA,NA
161464,decreasing,0.00447,regr
161465,unknown,NA,NA
161466,stable,0,regr
161468,unknown,NA,NA
161470,unknown,NA,NA
161471,unknown,NA,NA
161477,decreasing,0.00447,regr
161479,unknown,NA,NA
161484,unknown,NA,NA
161486,unknown,NA,NA
161488,decreasing,0.00447,regr
161489,unknown,NA,NA
161491,unknown,NA,NA
161492,unknown,NA,NA
161495,decreasing,0.00447,regr
161496,unknown,NA,NA
161501,unknown,NA,NA
161505,unknown,0,lm
161512,unknown,NA,NA
161517,unknown,NA,NA
161521,unknown,NA,NA
161524,unknown,NA,NA
161526,decreasing,0.00447,regr
161529,unknown,NA,NA
161534,unknown,NA,NA
161535,unknown,NA,NA
161539,unknown,NA,NA
161540,decreasing,0.00447,regr
161542,decreasing,0.00447,regr
161544,unknown,NA,NA
161546,decreasing,0.00447,regr
161547,decreasing,0.00447,regr
161551,unknown,NA,NA
161553,unknown,NA,NA
161557,unknown,NA,NA
161558,unknown,NA,NA
161566,unknown,NA,NA
161570,decreasing,0.00447,regr
161574,increasing,-0.00447,regr
161575,unknown,NA,NA
161587,unknown,NA,NA
161589,unknown,NA,NA
161595,stable,0,regr
161596,unknown,NA,NA
161597,decreasing,0.00447,regr
161598,decreasing,0.00447,regr
161599,stable,0,regr
161600,stable,0,regr
161612,unknown,NA,NA
161615,decreasing,0.00447,regr
161621,decreasing,0.00447,regr
161622,stable,0,regr
161623,unknown,NA,NA
161626,unknown,NA,NA
161628,increasing,-0.00447,regr
161629,unknown,NA,NA
161631,decreasing,0.00447,regr
161635,unknown,NA,NA
161637,unknown,NA,NA
161640,unknown,NA,NA
161644,unknown,NA,NA
161648,unknown,NA,NA
161651,unknown,NA,NA
161652,decreasing,0.00447,regr
161655,unknown,NA,NA
161658,unknown,NA,NA
161659,unknown,NA,NA
161661,stable,0,regr
161664,unknown,NA,NA
161665,unknown,NA,NA
161666,stable,0,regr
161669,decreasing,0.00447,regr
161673,unknown,NA,NA
161674,unknown,NA,NA
161675,decreasing,0.00447,regr
161691,decreasing,0.00447,regr
161692,decreasing,0.00447,regr
161695,unknown,NA,NA
161696,decreasing,0.00447,regr
161700,unknown,NA,NA
161702,unknown,NA,NA
161705,stable,0,regr
161714,stable,0,regr
161722,unknown,NA,NA
161729,decreasing,0.00447,regr
161731,unknown,NA,NA
161743,unknown,NA,NA
161744,decreasing,0.00447,regr
161745,unknown,NA,NA
161746,unknown,NA,NA
162509,unknown,NA,NA
162515,unknown,NA,NA
162520,unknown,NA,NA
162535,unknown,NA,NA
162544,unknown,NA,NA
162552,unknown,NA,NA
162554,unknown,NA,NA
162556,unknown,NA,NA
162575,unknown,NA,NA
162582,unknown,NA,NA
162587,unknown,NA,NA
162596,unknown,NA,NA
162601,unknown,NA,NA
162606,unknown,NA,NA
162613,unknown,NA,NA
162616,unknown,NA,NA
162617,unknown,NA,NA
162618,unknown,NA,NA
162620,unknown,NA,NA
162625,unknown,NA,NA
162626,unknown,NA,NA
162629,unknown,NA,NA
162633,unknown,NA,NA
162634,unknown,NA,NA
162642,unknown,NA,NA
162647,unknown,NA,NA
162652,unknown,NA,NA
162663,unknown,NA,NA
162664,unknown,NA,NA
162672,unknown,NA,NA
162679,unknown,NA,NA
162680,unknown,NA,NA
162683,unknown,NA,NA
162900,unknown,NA,NA
162909,unknown,NA,NA
162926,unknown,NA,NA
162941,unknown,NA,NA
162950,unknown,NA,NA
162956,unknown,NA,NA
162961,unknown,NA,NA
163002,unknown,NA,NA
163026,unknown,NA,NA
163050,unknown,NA,NA
163059,unknown,NA,NA
163071,unknown,NA,NA
163073,unknown,NA,NA
163085,unknown,NA,NA
163089,unknown,NA,NA
163094,unknown,NA,NA
163102,unknown,NA,NA
163114,unknown,NA,NA
163129,unknown,NA,NA
163146,unknown,NA,NA
163152,unknown,NA,NA
163156,unknown,NA,NA
163161,unknown,NA,NA
163163,unknown,NA,NA
163177,unknown,NA,NA
163184,unknown,NA,NA
163186,unknown,NA,NA
163189,unknown,NA,NA
163198,unknown,NA,NA
163218,unknown,NA,NA
163228,unknown,NA,NA
163232,unknown,NA,NA
163242,unknown,NA,NA
163243,unknown,NA,NA
163246,unknown,NA,NA
163247,unknown,NA,NA
163255,unknown,NA,NA
163256,unknown,NA,NA
163258,unknown,NA,NA
163260,unknown,NA,NA
163265,unknown,NA,NA
163267,unknown,NA,NA
163269,unknown,NA,NA
163276,unknown,NA,NA
163288,unknown,NA,NA
163294,unknown,NA,NA
163302,unknown,NA,NA
163311,unknown,NA,NA
163338,unknown,NA,NA
163343,unknown,NA,NA
163353,unknown,NA,NA
163369,unknown,NA,NA
165607,stable,0,regr
165608,stable,0,regr
165609,stable,0,regr
165610,stable,0,regr
165611,stable,0,regr
165612,stable,0,regr
165613,unknown,NA,NA
165614,stable,0,regr
165615,stable,0,regr
165616,stable,0,regr
165618,unknown,NA,NA
165619,stable,0,regr
165620,stable,0,regr
165621,unknown,NA,NA
165622,stable,0,regr
165623,unknown,NA,NA
165624,stable,0,regr
165625,stable,0,regr
165626,stable,0,regr
165627,stable,0,regr
165628,stable,0,regr
165630,stable,0,regr
165631,decreasing,0.00447,regr
165632,stable,0,regr
165633,stable,0,regr
165634,stable,0,regr
165635,stable,0,regr
165636,stable,0,regr
165637,stable,0,regr
165638,unknown,NA,NA
165639,stable,0,regr
165640,stable,0,regr
165641,unknown,NA,NA
165642,unknown,NA,NA
165643,unknown,NA,NA
165646,unknown,NA,NA
165648,stable,0,regr
165649,stable,0,regr
165650,stable,0,regr
165651,stable,0,regr
165652,stable,0,regr
165653,stable,0,regr
165654,stable,0,regr
165655,stable,0,regr
165656,stable,0,regr
165657,decreasing,0.00447,regr
165659,stable,0,regr
165660,stable,0,regr
165661,stable,0,regr
165662,stable,0,regr
165663,stable,0,regr
165664,stable,0,regr
165665,stable,0,regr
165666,stable,0,regr
165667,unknown,NA,NA
165668,stable,0,regr
165669,stable,0,regr
165670,stable,0,regr
165671,unknown,NA,NA
165672,stable,0,regr
165674,unknown,NA,NA
165675,stable,0,regr
165677,stable,0,regr
165678,stable,0,regr
165679,stable,0,regr
165680,stable,0,regr
165681,stable,0,regr
165682,stable,0,regr
165683,stable,0,regr
165684,stable,0,regr
165685,stable,0,regr
165687,unknown,NA,NA
165688,stable,0,regr
165689,decreasing,0.00447,regr
165691,stable,0,regr
165692,decreasing,0.00447,regr
165693,stable,0,regr
165694,unknown,NA,NA
165695,stable,0,regr
165696,stable,0,regr
165697,stable,0,regr
165698,stable,0,regr
165700,unknown,NA,NA
165701,unknown,NA,NA
165702,stable,0,regr
165703,stable,0,regr
165704,decreasing,0.00447,regr
165705,stable,0,regr
165706,stable,0,regr
165709,stable,0,regr
165710,stable,0,regr
165711,stable,0,regr
165712,decreasing,0.00447,regr
165714,stable,0,regr
165716,stable,0,regr
165717,decreasing,0.00447,regr
165718,stable,0,regr
165719,stable,0,regr
165720,stable,0,regr
165721,stable,0,regr
165723,stable,0,regr
165724,stable,0,regr
165725,stable,0,regr
165726,stable,0,regr
165822,stable,0,regr
165825,stable,0,regr
165826,unknown,NA,NA
165828,stable,0,regr
165829,stable,0,regr
165830,stable,0,regr
165831,stable,0,regr
165832,stable,0,regr
165833,stable,0,regr
165834,stable,0,regr
165835,stable,0,regr
165837,unknown,NA,NA
165838,stable,0,regr
165839,stable,0,regr
165840,stable,0,regr
165841,stable,0,regr
165842,stable,0,regr
165843,stable,0,regr
165844,unknown,NA,NA
165845,stable,0,regr
165846,stable,0,regr
165847,unknown,NA,NA
165848,stable,0,regr
165849,stable,0,regr
165850,stable,0,regr
165851,stable,0,regr
165852,stable,0,regr
165853,stable,0,regr
165854,stable,0,regr
165855,stable,0,regr
165856,stable,0,regr
165857,stable,0,regr
165858,stable,0,regr
165860,stable,0,regr
165862,stable,0,regr
165864,stable,0,regr
165865,stable,0,regr
165867,stable,0,regr
165868,stable,0,regr
165870,stable,0,regr
165871,stable,0,regr
165872,stable,0,regr
165873,stable,0,regr
165874,stable,0,regr
165876,stable,0,regr
165878,stable,0,regr
165879,stable,0,regr
165880,stable,0,regr
165881,stable,0,regr
165882,stable,0,regr
165883,stable,0,regr
165884,stable,0,regr
165885,stable,0,regr
165887,stable,0,regr
165888,stable,0,regr
165889,stable,0,regr
165890,stable,0,regr
165891,stable,0,regr
165893,stable,0,regr
165895,stable,0,regr
165896,stable,0,regr
165897,stable,0,regr
165898,stable,0,regr
165899,stable,0,regr
165900,stable,0,regr
165901,stable,0,regr
165902,stable,0,regr
165910,unknown,NA,NA
166077,stable,0,lm
166138,stable,0,regr
166144,unknown,NA,NA
166184,decreasing,0.00447,regr
166216,unknown,NA,NA
166442,decreasing,0.00447,regr
166446,unknown,NA,NA
166483,decreasing,0.00447,regr
166533,unknown,NA,NA
166552,unknown,NA,NA
166575,unknown,NA,NA
166598,unknown,NA,NA
166693,unknown,NA,NA
166856,stable,0,regr
166879,unknown,NA,NA
166881,unknown,NA,NA
166892,unknown,NA,NA
166893,unknown,NA,NA
166894,unknown,NA,NA
166897,unknown,NA,NA
166900,stable,0,regr
166980,unknown,NA,NA
166990,unknown,NA,NA
167710,stable,0,regr
168374,stable,0,regr
169353,stable,0,regr
169359,stable,0,regr
169587,unknown,NA,NA
169632,stable,0,regr
169679,stable,0,regr
169949,unknown,NA,NA
169951,unknown,NA,NA
169954,unknown,NA,NA
169955,stable,0,regr
169958,unknown,NA,NA
169960,unknown,NA,NA
169962,unknown,NA,NA
169963,stable,0,regr
169964,unknown,NA,NA
169965,decreasing,0.00447,regr
169966,stable,0,regr
169967,stable,0,regr
169968,stable,0,regr
169969,unknown,NA,NA
169970,unknown,NA,NA
169972,unknown,NA,NA
169973,unknown,NA,NA
169974,unknown,NA,NA
169975,decreasing,0.00447,regr
169978,unknown,NA,NA
169979,unknown,NA,NA
169984,stable,0,regr
169985,unknown,NA,NA
169986,unknown,NA,NA
169987,stable,0,regr
169988,unknown,NA,NA
169989,unknown,NA,NA
169990,unknown,NA,NA
169991,unknown,NA,NA
169996,unknown,NA,NA
169999,increasing,-0.00447,regr
170000,unknown,NA,NA
170002,unknown,NA,NA
170004,unknown,NA,NA
170005,unknown,NA,NA
170008,unknown,NA,NA
170009,stable,0,regr
170010,unknown,NA,NA
170011,unknown,NA,NA
170015,unknown,NA,NA
170017,unknown,NA,NA
170018,unknown,NA,NA
170021,unknown,NA,NA
170023,unknown,NA,NA
170024,unknown,NA,NA
170025,stable,0,regr
170026,unknown,NA,NA
170029,unknown,NA,NA
170032,unknown,NA,NA
170034,unknown,NA,NA
170035,unknown,NA,NA
170037,unknown,NA,NA
170038,unknown,NA,NA
170042,unknown,NA,NA
170044,unknown,NA,NA
170048,unknown,NA,NA
170049,unknown,NA,NA
170050,decreasing,0.00447,regr
170051,unknown,NA,NA
170053,unknown,NA,NA
170054,unknown,NA,NA
170055,unknown,NA,NA
170056,unknown,NA,NA
170062,unknown,NA,NA
170063,unknown,NA,NA
170064,unknown,NA,NA
170065,unknown,NA,NA
170070,unknown,NA,NA
170071,unknown,NA,NA
170072,stable,0,regr
170073,unknown,NA,NA
170075,unknown,NA,NA
170080,unknown,NA,NA
170082,unknown,NA,NA
170086,unknown,NA,NA
170087,stable,0,regr
170088,unknown,NA,NA
170089,unknown,NA,NA
170093,unknown,NA,NA
170095,unknown,NA,NA
170306,stable,0,regr
170308,unknown,NA,NA
170309,decreasing,0.00447,regr
170310,stable,0,regr
170313,unknown,NA,NA
170314,decreasing,0.00447,regr
170316,decreasing,0.00447,regr
170319,stable,0,regr
170320,stable,0,regr
170321,unknown,NA,NA
170322,decreasing,0.00447,regr
170323,unknown,NA,NA
170325,stable,0,regr
170326,unknown,NA,NA
170327,unknown,NA,NA
170329,stable,0,regr
170330,decreasing,0.00447,regr
170331,stable,0,regr
170332,unknown,NA,NA
170334,stable,0,regr
170335,decreasing,0.00447,regr
170336,unknown,NA,NA
170337,unknown,NA,NA
170338,unknown,NA,NA
170339,stable,0,regr
170340,unknown,NA,NA
170341,decreasing,0.00447,regr
170342,unknown,NA,NA
170343,unknown,NA,NA
170344,stable,0,regr
170345,stable,0,regr
170349,stable,0,regr
170350,stable,0,regr
170352,decreasing,0.00447,regr
170353,unknown,NA,NA
170354,decreasing,0.00447,regr
170355,stable,0,regr
170357,unknown,NA,NA
170358,unknown,NA,NA
172321,unknown,NA,NA
172359,unknown,NA,NA
172363,unknown,NA,NA
172393,unknown,NA,NA
172404,stable,0,regr
172415,unknown,NA,NA
172443,stable,0,regr
172450,unknown,NA,NA
172468,unknown,NA,NA
172469,unknown,NA,NA
172497,unknown,NA,NA
176066,unknown,NA,NA
176070,unknown,NA,NA
176079,unknown,NA,NA
176085,unknown,NA,NA
176088,unknown,NA,NA
176704,decreasing,0.00447,regr
176708,unknown,NA,NA
176715,unknown,NA,NA
176717,unknown,NA,NA
176719,stable,0,regr
176720,decreasing,0.00447,regr
176726,unknown,NA,NA
176729,unknown,NA,NA
176734,stable,0,regr
176737,unknown,NA,NA
176738,stable,0,regr
176743,unknown,NA,NA
176745,unknown,NA,NA
176746,unknown,NA,NA
176748,decreasing,0.00447,regr
176750,stable,0,regr
176756,stable,0,regr
176757,unknown,NA,NA
176769,stable,0,regr
176771,stable,0,regr
177949,stable,0,regr
177950,stable,0,regr
177951,stable,0,regr
177953,stable,0,regr
177955,stable,0,regr
177957,unknown,NA,NA
177958,stable,0,regr
177959,unknown,NA,NA
177960,stable,0,regr
177961,unknown,NA,NA
177962,unknown,NA,NA
177963,unknown,NA,NA
177964,unknown,NA,NA
177965,stable,0,regr
177967,stable,0,regr
177968,stable,0,regr
177969,stable,0,regr
177970,unknown,NA,NA
177971,stable,0,regr
177972,unknown,NA,NA
177974,unknown,NA,NA
177975,stable,0,regr
177976,stable,0,regr
177977,unknown,NA,NA
177979,unknown,NA,NA
177980,stable,0,regr
177981,unknown,NA,NA
177982,stable,0,regr
177983,stable,0,regr
177985,stable,0,regr
177986,unknown,NA,NA
177987,stable,0,regr
177988,stable,0,regr
177989,stable,0,regr
177990,stable,0,regr
177991,stable,0,regr
177992,unknown,NA,NA
177993,stable,0,regr
177994,unknown,NA,NA
177995,unknown,NA,NA
177997,stable,0,regr
177998,stable,0,regr
177999,stable,0,regr
178000,unknown,NA,NA
178002,stable,0,regr
178004,unknown,NA,NA
178005,stable,0,regr
178006,unknown,NA,NA
178007,unknown,NA,NA
178008,stable,0,regr
178009,stable,0,regr
178010,stable,0,regr
178011,stable,0,regr
178012,stable,0,regr
178013,stable,0,regr
178014,unknown,NA,NA
178015,stable,0,regr
178016,unknown,NA,NA
178017,stable,0,regr
178018,unknown,NA,NA
178019,stable,0,regr
178020,unknown,NA,NA
178021,stable,0,regr
178022,stable,0,regr
178023,unknown,NA,NA
178024,stable,0,regr
178025,unknown,NA,NA
178054,unknown,NA,NA
178060,unknown,NA,NA
178062,unknown,NA,NA
178063,unknown,NA,NA
178064,unknown,NA,NA
178065,unknown,NA,NA
178066,unknown,NA,NA
178067,unknown,NA,NA
178070,stable,0,regr
178072,unknown,NA,NA
178074,unknown,NA,NA
178100,unknown,NA,NA
178102,unknown,NA,NA
178105,unknown,NA,NA
178106,unknown,NA,NA
178107,unknown,NA,NA
178111,unknown,NA,NA
180103,unknown,NA,NA
180109,unknown,NA,NA
180111,unknown,NA,NA
180120,unknown,NA,NA
180122,unknown,NA,NA
180123,unknown,NA,NA
180125,unknown,NA,NA
180133,unknown,NA,NA
180142,unknown,NA,NA
180231,unknown,NA,NA
180235,unknown,NA,NA
180246,unknown,NA,NA
180248,unknown,NA,NA
180254,unknown,NA,NA
180257,decreasing,0.00447,regr
180265,decreasing,0.00447,regr
180275,decreasing,0.00447,regr
180286,unknown,NA,NA
180295,unknown,NA,NA
180297,unknown,NA,NA
180298,unknown,NA,NA
180316,unknown,NA,NA
180326,NA,NA,NA
180329,unknown,NA,NA
180337,decreasing,0.00447,regr
180353,unknown,NA,NA
180373,decreasing,0.00447,regr
180375,unknown,NA,NA
180395,unknown,NA,NA
180400,unknown,NA,NA
180406,unknown,NA,NA
180414,unknown,NA,NA
180421,stable,0,regr
180424,decreasing,0.00447,regr
180436,stable,0,regr
180443,unknown,NA,NA
180455,unknown,NA,NA
180476,unknown,NA,NA
180477,stable,0,regr
180479,unknown,NA,NA
180481,decreasing,0.00447,regr
180492,unknown,NA,NA
180493,unknown,NA,NA
180494,unknown,NA,NA
180495,unknown,NA,NA
180504,stable,0,regr
180518,decreasing,0.00447,regr
180519,unknown,NA,NA
180525,unknown,NA,NA
180534,unknown,NA,NA
180540,unknown,NA,NA
180541,stable,0,regr
180682,unknown,NA,NA
180706,unknown,NA,NA
180866,unknown,NA,NA
180926,unknown,NA,NA
180966,unknown,NA,NA
181029,unknown,NA,NA
181100,unknown,NA,NA
181550,unknown,NA,NA
181577,unknown,NA,NA
181797,unknown,NA,NA
182223,unknown,NA,NA
182285,unknown,NA,NA
182363,unknown,NA,NA
182549,unknown,NA,NA
182611,unknown,NA,NA
182933,unknown,NA,NA
183155,unknown,NA,NA
183158,stable,0,regr
183159,stable,0,regr
183206,unknown,NA,NA
183208,unknown,NA,NA
183210,unknown,NA,NA
183211,unknown,NA,NA
183213,unknown,NA,NA
183215,unknown,NA,NA
183217,unknown,NA,NA
183218,unknown,NA,NA
183219,unknown,NA,NA
183220,unknown,NA,NA
183221,unknown,NA,NA
183222,unknown,NA,NA
183224,unknown,NA,NA
183225,stable,0,regr
183227,unknown,NA,NA
183229,unknown,NA,NA
183230,unknown,NA,NA
183232,unknown,NA,NA
183233,unknown,NA,NA
183235,unknown,NA,NA
183237,unknown,NA,NA
183244,unknown,NA,NA
183245,unknown,NA,NA
183246,unknown,NA,NA
183248,unknown,NA,NA
183249,unknown,NA,NA
183250,unknown,NA,NA
183251,unknown,NA,NA
183256,unknown,NA,NA
183257,stable,0,regr
183259,unknown,NA,NA
183260,stable,0,regr
183261,unknown,NA,NA
183263,unknown,NA,NA
183268,unknown,NA,NA
183269,unknown,NA,NA
183270,unknown,NA,NA
183273,stable,0,regr
183275,unknown,NA,NA
183276,unknown,NA,NA
183278,unknown,NA,NA
183280,unknown,NA,NA
183281,unknown,NA,NA
183282,unknown,NA,NA
183283,unknown,NA,NA
183284,unknown,NA,NA
183285,unknown,NA,NA
183287,unknown,NA,NA
183291,unknown,NA,NA
183292,unknown,NA,NA
183293,unknown,NA,NA
183294,unknown,NA,NA
183295,unknown,NA,NA
183297,unknown,NA,NA
183298,unknown,NA,NA
183300,unknown,NA,NA
183301,unknown,NA,NA
183303,unknown,NA,NA
183304,unknown,NA,NA
183308,stable,0,regr
183309,unknown,NA,NA
183310,stable,0,regr
183311,unknown,NA,NA
183312,unknown,NA,NA
183313,unknown,NA,NA
183315,unknown,NA,NA
183317,unknown,NA,NA
183319,unknown,NA,NA
183322,unknown,NA,NA
183324,unknown,NA,NA
183329,unknown,NA,NA
183330,unknown,NA,NA
183331,unknown,NA,NA
183334,unknown,NA,NA
183335,unknown,NA,NA
183336,unknown,NA,NA
183337,unknown,NA,NA
183339,unknown,NA,NA
183341,unknown,NA,NA
183342,unknown,NA,NA
183345,unknown,NA,NA
183346,unknown,NA,NA
183349,unknown,NA,NA
183355,unknown,NA,NA
183358,unknown,NA,NA
183361,unknown,NA,NA
183362,unknown,NA,NA
183363,stable,0,regr
183367,unknown,NA,NA
183370,unknown,NA,NA
183372,unknown,NA,NA
183374,unknown,NA,NA
183375,unknown,NA,NA
183376,unknown,NA,NA
183377,unknown,NA,NA
183378,stable,0,regr
183379,unknown,NA,NA
183380,unknown,NA,NA
183382,unknown,NA,NA
183384,unknown,NA,NA
183385,unknown,NA,NA
183386,unknown,NA,NA
183389,unknown,NA,NA
183390,unknown,NA,NA
183392,unknown,NA,NA
183394,unknown,NA,NA
183395,unknown,NA,NA
183396,unknown,NA,NA
183397,unknown,NA,NA
183398,unknown,NA,NA
183399,unknown,NA,NA
183400,unknown,NA,NA
183402,unknown,NA,NA
183403,unknown,NA,NA
183408,unknown,NA,NA
183410,unknown,NA,NA
183411,unknown,NA,NA
183412,unknown,NA,NA
183416,unknown,NA,NA
183418,unknown,NA,NA
183419,unknown,NA,NA
183420,unknown,NA,NA
183421,unknown,NA,NA
183422,unknown,NA,NA
183423,unknown,NA,NA
183425,unknown,NA,NA
183426,unknown,NA,NA
183428,unknown,NA,NA
183429,unknown,NA,NA
183430,unknown,NA,NA
183431,unknown,NA,NA
183432,unknown,NA,NA
183434,unknown,NA,NA
183436,unknown,NA,NA
183443,stable,0,regr
183444,unknown,NA,NA
183445,unknown,NA,NA
183446,stable,0,regr
183449,unknown,NA,NA
183450,unknown,NA,NA
183452,unknown,NA,NA
183454,unknown,NA,NA
183459,unknown,NA,NA
183460,unknown,NA,NA
183462,unknown,NA,NA
183464,unknown,NA,NA
183467,unknown,NA,NA
183468,stable,0,regr
183470,unknown,NA,NA
183471,unknown,NA,NA
183472,unknown,NA,NA
183474,unknown,NA,NA
183475,unknown,NA,NA
183477,unknown,NA,NA
183479,unknown,NA,NA
183480,unknown,NA,NA
183482,unknown,NA,NA
183483,unknown,NA,NA
183485,unknown,NA,NA
183487,unknown,NA,NA
183489,unknown,NA,NA
183490,stable,0,regr
183491,unknown,NA,NA
183492,unknown,NA,NA
183494,unknown,NA,NA
183497,unknown,NA,NA
183498,unknown,NA,NA
183501,unknown,NA,NA
183502,unknown,NA,NA
183504,unknown,NA,NA
183505,unknown,NA,NA
183506,unknown,NA,NA
183507,unknown,NA,NA
183508,unknown,NA,NA
183509,unknown,NA,NA
183511,unknown,NA,NA
183514,unknown,NA,NA
183515,unknown,NA,NA
183516,unknown,NA,NA
183517,unknown,NA,NA
183521,unknown,NA,NA
183522,unknown,NA,NA
183525,unknown,NA,NA
183526,unknown,NA,NA
183528,unknown,NA,NA
183530,unknown,NA,NA
183531,unknown,NA,NA
183532,unknown,NA,NA
183535,unknown,NA,NA
183539,unknown,NA,NA
183541,unknown,NA,NA
183543,unknown,NA,NA
183544,unknown,NA,NA
183545,stable,0,regr
183547,unknown,NA,NA
183553,unknown,NA,NA
183554,unknown,NA,NA
183555,unknown,NA,NA
183557,unknown,NA,NA
183563,unknown,NA,NA
183566,unknown,NA,NA
183570,unknown,NA,NA
183571,unknown,NA,NA
183573,unknown,NA,NA
183574,unknown,NA,NA
183575,unknown,NA,NA
183576,unknown,NA,NA
183577,unknown,NA,NA
183578,unknown,NA,NA
183579,unknown,NA,NA
183580,unknown,NA,NA
183581,unknown,NA,NA
183584,unknown,NA,NA
183585,unknown,NA,NA
183586,unknown,NA,NA
183587,unknown,NA,NA
183590,unknown,NA,NA
183593,unknown,NA,NA
183595,unknown,NA,NA
183596,unknown,NA,NA
183597,unknown,NA,NA
183598,unknown,NA,NA
183599,unknown,NA,NA
183601,unknown,NA,NA
183603,unknown,NA,NA
183605,unknown,NA,NA
183606,unknown,NA,NA
183607,unknown,NA,NA
183611,unknown,NA,NA
183613,unknown,NA,NA
183616,unknown,NA,NA
183617,unknown,NA,NA
183618,stable,0,regr
183619,unknown,NA,NA
183620,unknown,NA,NA
183621,unknown,NA,NA
183622,unknown,NA,NA
183624,stable,0,regr
183628,unknown,NA,NA
183629,unknown,NA,NA
183630,unknown,NA,NA
183632,unknown,NA,NA
183635,unknown,NA,NA
183636,unknown,NA,NA
183637,unknown,NA,NA
183638,unknown,NA,NA
183639,unknown,NA,NA
183640,unknown,NA,NA
183642,unknown,NA,NA
183643,unknown,NA,NA
183645,unknown,NA,NA
183646,stable,0,regr
183648,unknown,NA,NA
183649,stable,0,regr
183650,unknown,NA,NA
183651,unknown,NA,NA
183652,unknown,NA,NA
183653,unknown,NA,NA
183654,unknown,NA,NA
183655,unknown,NA,NA
183656,unknown,NA,NA
183657,unknown,NA,NA
183658,unknown,NA,NA
183659,unknown,NA,NA
183660,unknown,NA,NA
183664,unknown,NA,NA
183665,unknown,NA,NA
183666,unknown,NA,NA
183667,unknown,NA,NA
183668,unknown,NA,NA
183669,unknown,NA,NA
183671,unknown,NA,NA
183675,unknown,NA,NA
183677,unknown,NA,NA
183678,unknown,NA,NA
183679,unknown,NA,NA
183680,unknown,NA,NA
183683,unknown,NA,NA
183684,unknown,NA,NA
183685,unknown,NA,NA
183688,unknown,NA,NA
183690,unknown,NA,NA
183691,unknown,NA,NA
183692,unknown,NA,NA
183693,unknown,NA,NA
183694,unknown,NA,NA
183695,unknown,NA,NA
183696,unknown,NA,NA
183697,stable,0,regr
183699,unknown,NA,NA
183700,unknown,NA,NA
183701,unknown,NA,NA
183704,unknown,NA,NA
183705,unknown,NA,NA
183706,unknown,NA,NA
183707,unknown,NA,NA
183713,unknown,NA,NA
183714,unknown,NA,NA
183716,unknown,NA,NA
183718,unknown,NA,NA
183719,unknown,NA,NA
183720,unknown,NA,NA
183724,unknown,NA,NA
183725,stable,0,regr
183726,unknown,NA,NA
183727,unknown,NA,NA
183729,unknown,NA,NA
183730,unknown,NA,NA
183731,stable,0,regr
183733,unknown,NA,NA
183734,unknown,NA,NA
183736,unknown,NA,NA
183737,unknown,NA,NA
183740,unknown,NA,NA
183743,unknown,NA,NA
183744,unknown,NA,NA
183745,unknown,NA,NA
183747,unknown,NA,NA
183750,unknown,NA,NA
183751,unknown,NA,NA
183752,unknown,NA,NA
183754,unknown,NA,NA
183756,unknown,NA,NA
183757,unknown,NA,NA
183758,unknown,NA,NA
183761,unknown,NA,NA
183763,unknown,NA,NA
183764,unknown,NA,NA
183765,unknown,NA,NA
183767,unknown,NA,NA
183768,unknown,NA,NA
183769,decreasing,0.00447,regr
183773,unknown,NA,NA
183774,unknown,NA,NA
183775,unknown,NA,NA
183776,unknown,NA,NA
183777,unknown,NA,NA
183779,unknown,NA,NA
183780,unknown,NA,NA
183782,unknown,NA,NA
183786,unknown,NA,NA
183788,unknown,NA,NA
183789,unknown,NA,NA
183793,unknown,NA,NA
183794,unknown,NA,NA
183795,unknown,NA,NA
183796,unknown,NA,NA
183799,unknown,NA,NA
183801,stable,0,regr
183803,unknown,NA,NA
183804,unknown,NA,NA
183805,stable,0,regr
183806,unknown,NA,NA
183807,unknown,NA,NA
183808,unknown,NA,NA
183809,unknown,NA,NA
183810,unknown,NA,NA
183812,unknown,NA,NA
183813,unknown,NA,NA
183814,unknown,NA,NA
183815,unknown,NA,NA
183817,stable,0,regr
183820,unknown,NA,NA
183821,unknown,NA,NA
183822,stable,0,regr
183824,unknown,NA,NA
183825,unknown,NA,NA
183827,unknown,NA,NA
183828,unknown,NA,NA
183833,unknown,NA,NA
183835,stable,0,regr
183838,unknown,NA,NA
183839,stable,0,regr
183840,unknown,NA,NA
183841,unknown,NA,NA
183843,unknown,NA,NA
183845,unknown,NA,NA
183848,unknown,NA,NA
183849,stable,0,regr
183850,unknown,NA,NA
183851,unknown,NA,NA
183853,unknown,NA,NA
183854,unknown,NA,NA
183855,unknown,NA,NA
183856,stable,0,regr
183859,unknown,NA,NA
183861,unknown,NA,NA
183862,unknown,NA,NA
183864,unknown,NA,NA
183866,unknown,NA,NA
183867,unknown,NA,NA
183868,unknown,NA,NA
183870,unknown,NA,NA
183871,unknown,NA,NA
183872,unknown,NA,NA
183873,unknown,NA,NA
183874,unknown,NA,NA
183878,stable,0,regr
183881,unknown,NA,NA
183885,unknown,NA,NA
183886,unknown,NA,NA
183889,unknown,NA,NA
183891,unknown,NA,NA
183892,unknown,NA,NA
183897,unknown,NA,NA
183901,unknown,NA,NA
183903,unknown,NA,NA
183906,unknown,NA,NA
183910,stable,0,regr
183916,unknown,NA,NA
183917,unknown,NA,NA
183919,unknown,NA,NA
183920,unknown,NA,NA
183921,unknown,NA,NA
183922,unknown,NA,NA
183923,unknown,NA,NA
183925,unknown,NA,NA
183926,unknown,NA,NA
183928,unknown,NA,NA
183929,unknown,NA,NA
183930,unknown,NA,NA
183931,unknown,NA,NA
183932,unknown,NA,NA
183933,unknown,NA,NA
183936,unknown,NA,NA
183938,unknown,NA,NA
183940,unknown,NA,NA
183941,unknown,NA,NA
183943,unknown,NA,NA
183944,unknown,NA,NA
183947,unknown,NA,NA
183948,unknown,NA,NA
183950,unknown,NA,NA
183952,unknown,NA,NA
183954,unknown,NA,NA
183956,unknown,NA,NA
183957,stable,0,regr
183963,unknown,NA,NA
183967,unknown,NA,NA
183969,unknown,NA,NA
183971,unknown,NA,NA
183972,unknown,NA,NA
183975,unknown,NA,NA
183976,unknown,NA,NA
183977,unknown,NA,NA
183980,stable,0,regr
183982,unknown,NA,NA
183983,unknown,NA,NA
183985,stable,0,regr
183986,unknown,NA,NA
183988,unknown,NA,NA
183989,unknown,NA,NA
183991,unknown,NA,NA
183994,unknown,NA,NA
183996,unknown,NA,NA
183997,unknown,NA,NA
183998,unknown,NA,NA
184000,unknown,NA,NA
184003,unknown,NA,NA
184004,unknown,NA,NA
184005,unknown,NA,NA
184006,unknown,NA,NA
184007,unknown,NA,NA
184008,unknown,NA,NA
184009,unknown,NA,NA
184010,unknown,NA,NA
184012,unknown,NA,NA
184013,unknown,NA,NA
184016,stable,0,regr
184017,unknown,NA,NA
184019,unknown,NA,NA
184023,unknown,NA,NA
184026,unknown,NA,NA
184029,unknown,NA,NA
184032,unknown,NA,NA
184034,unknown,NA,NA
184035,stable,0,regr
184036,unknown,NA,NA
184037,unknown,NA,NA
184038,unknown,NA,NA
184041,unknown,NA,NA
184042,unknown,NA,NA
184043,unknown,NA,NA
184044,unknown,NA,NA
184050,unknown,NA,NA
184051,unknown,NA,NA
184055,unknown,NA,NA
184056,unknown,NA,NA
184088,stable,0,regr
184099,unknown,NA,NA
184812,unknown,NA,NA
184847,unknown,NA,NA
184918,unknown,NA,NA
184996,unknown,NA,NA
184997,unknown,NA,NA
185012,stable,0,regr
185017,stable,0,regr
185018,unknown,NA,NA
185019,unknown,NA,NA
185020,unknown,NA,NA
185023,unknown,NA,NA
185026,stable,0,regr
185029,unknown,NA,NA
185031,unknown,NA,NA
185034,unknown,NA,NA
185035,unknown,NA,NA
185036,unknown,NA,NA
185038,stable,0,regr
185040,unknown,NA,NA
185041,unknown,NA,NA
185042,unknown,NA,NA
185060,unknown,NA,NA
185061,unknown,NA,NA
185062,unknown,NA,NA
185064,unknown,NA,NA
185066,unknown,NA,NA
185067,unknown,NA,NA
185069,unknown,NA,NA
185070,unknown,NA,NA
185072,unknown,NA,NA
185073,unknown,NA,NA
185074,unknown,NA,NA
185076,unknown,NA,NA
185077,unknown,NA,NA
185080,unknown,NA,NA
185083,unknown,NA,NA
185088,unknown,NA,NA
185089,unknown,NA,NA
185091,unknown,NA,NA
185093,unknown,NA,NA
185096,unknown,NA,NA
185128,stable,0,regr
186089,unknown,NA,NA
186106,unknown,NA,NA
187368,unknown,NA,NA
187370,unknown,NA,NA
187371,unknown,NA,NA
187373,unknown,NA,NA
187378,unknown,NA,NA
187379,unknown,NA,NA
187381,stable,0,regr
187383,unknown,NA,NA
187384,unknown,NA,NA
187390,unknown,NA,NA
187393,unknown,NA,NA
187394,unknown,NA,NA
187395,unknown,NA,NA
187396,unknown,NA,NA
187397,stable,0,regr
187398,unknown,NA,NA
187400,stable,0,regr
187401,unknown,NA,NA
187403,unknown,NA,NA
187405,unknown,NA,NA
187406,unknown,NA,NA
187407,unknown,NA,NA
187409,unknown,NA,NA
187410,unknown,NA,NA
187411,unknown,NA,NA
187413,unknown,NA,NA
187414,unknown,NA,NA
187415,unknown,NA,NA
187416,unknown,NA,NA
187417,unknown,NA,NA
187418,stable,0,regr
187419,unknown,NA,NA
187421,unknown,NA,NA
187423,unknown,NA,NA
187424,unknown,NA,NA
187425,unknown,NA,NA
187426,stable,0,regr
187427,unknown,NA,NA
187428,unknown,NA,NA
187430,unknown,NA,NA
187431,unknown,NA,NA
187434,unknown,NA,NA
187436,stable,0,regr
187438,unknown,NA,NA
187439,unknown,NA,NA
187440,unknown,NA,NA
187441,unknown,NA,NA
187443,unknown,NA,NA
187444,unknown,NA,NA
187446,unknown,NA,NA
187447,unknown,NA,NA
187448,unknown,NA,NA
187450,unknown,NA,NA
187451,unknown,NA,NA
187452,unknown,NA,NA
187453,stable,0,regr
187454,unknown,NA,NA
187455,unknown,NA,NA
187456,unknown,NA,NA
187462,unknown,NA,NA
187463,unknown,NA,NA
187465,unknown,NA,NA
187466,unknown,NA,NA
187467,unknown,NA,NA
187472,unknown,NA,NA
187473,unknown,NA,NA
187474,unknown,NA,NA
187475,stable,0,regr
187476,unknown,NA,NA
187477,unknown,NA,NA
187478,unknown,NA,NA
187479,decreasing,0.00447,regr
187481,unknown,NA,NA
187482,unknown,NA,NA
187483,unknown,NA,NA
187485,unknown,NA,NA
187489,unknown,NA,NA
187490,unknown,NA,NA
187491,stable,0,regr
187492,stable,0,regr
187494,unknown,NA,NA
187495,decreasing,0.00447,regr
187496,unknown,NA,NA
187497,unknown,NA,NA
187498,unknown,NA,NA
187499,unknown,NA,NA
187502,unknown,NA,NA
187505,unknown,NA,NA
187506,decreasing,0.00447,regr
187507,unknown,NA,NA
187511,unknown,NA,NA
187512,unknown,NA,NA
187515,unknown,NA,NA
187516,unknown,NA,NA
187517,unknown,NA,NA
187518,unknown,NA,NA
187519,unknown,NA,NA
187520,decreasing,0.00447,regr
187522,unknown,NA,NA
187523,unknown,NA,NA
187524,unknown,NA,NA
187525,unknown,NA,NA
187527,unknown,NA,NA
187530,unknown,NA,NA
187533,unknown,NA,NA
187534,unknown,NA,NA
187535,unknown,NA,NA
187536,unknown,NA,NA
187537,unknown,NA,NA
187538,unknown,NA,NA
187539,unknown,NA,NA
187541,stable,0,regr
187543,unknown,NA,NA
187545,decreasing,0.00447,regr
187546,unknown,NA,NA
187547,unknown,NA,NA
187548,unknown,NA,NA
187549,unknown,NA,NA
187553,unknown,NA,NA
187554,unknown,NA,NA
187555,stable,0,regr
187559,unknown,NA,NA
187560,unknown,NA,NA
187561,unknown,NA,NA
187562,unknown,NA,NA
187563,unknown,NA,NA
187564,unknown,NA,NA
187565,decreasing,0.00447,regr
187566,unknown,NA,NA
187567,stable,0,regr
187568,decreasing,0.00447,regr
187569,unknown,NA,NA
187570,unknown,NA,NA
187571,unknown,NA,NA
187573,stable,0,regr
187574,unknown,NA,NA
187575,unknown,NA,NA
187578,unknown,NA,NA
187580,unknown,NA,NA
187583,unknown,NA,NA
187584,unknown,NA,NA
187587,unknown,NA,NA
187588,unknown,NA,NA
187589,unknown,NA,NA
187592,unknown,NA,NA
187594,unknown,NA,NA
187595,unknown,NA,NA
187598,unknown,NA,NA
187599,unknown,NA,NA
187600,unknown,NA,NA
187601,unknown,NA,NA
187602,unknown,NA,NA
187603,unknown,NA,NA
187604,unknown,NA,NA
187609,unknown,NA,NA
187610,unknown,NA,NA
187612,unknown,NA,NA
187613,unknown,NA,NA
187614,unknown,NA,NA
187618,unknown,NA,NA
187620,unknown,NA,NA
187621,unknown,NA,NA
187622,unknown,NA,NA
187623,unknown,NA,NA
187624,unknown,NA,NA
187625,unknown,NA,NA
187627,unknown,NA,NA
187630,unknown,NA,NA
187631,unknown,NA,NA
187632,unknown,NA,NA
187633,unknown,NA,NA
187634,unknown,NA,NA
187635,unknown,NA,NA
187638,unknown,NA,NA
187640,unknown,NA,NA
187641,unknown,NA,NA
187643,unknown,NA,NA
187644,unknown,NA,NA
187645,unknown,NA,NA
187646,unknown,NA,NA
187647,unknown,NA,NA
187648,unknown,NA,NA
187649,unknown,NA,NA
187651,unknown,NA,NA
187652,unknown,NA,NA
187653,stable,0,regr
187654,decreasing,0.00447,regr
187655,unknown,NA,NA
187656,unknown,NA,NA
187657,unknown,NA,NA
187658,unknown,NA,NA
187659,unknown,NA,NA
187662,unknown,NA,NA
187664,unknown,NA,NA
187667,unknown,NA,NA
187670,unknown,NA,NA
187672,unknown,NA,NA
187673,unknown,NA,NA
187674,unknown,NA,NA
187675,unknown,NA,NA
187677,unknown,NA,NA
187678,stable,0,regr
187679,stable,0,regr
187680,unknown,NA,NA
187681,unknown,NA,NA
187683,unknown,NA,NA
187684,unknown,NA,NA
187685,unknown,NA,NA
187687,unknown,NA,NA
187688,unknown,NA,NA
187689,unknown,NA,NA
187690,unknown,NA,NA
187691,unknown,NA,NA
187692,unknown,NA,NA
187693,unknown,NA,NA
187694,unknown,NA,NA
187696,stable,0,regr
187697,unknown,NA,NA
187698,unknown,NA,NA
187699,unknown,NA,NA
187701,unknown,NA,NA
187702,unknown,NA,NA
187705,unknown,NA,NA
187707,unknown,NA,NA
187710,stable,0,regr
187711,stable,0,regr
187713,unknown,NA,NA
187714,stable,0,regr
187715,unknown,NA,NA
187716,unknown,NA,NA
187718,unknown,NA,NA
187719,unknown,NA,NA
187720,unknown,NA,NA
187722,unknown,NA,NA
187723,stable,0,regr
187724,unknown,NA,NA
187726,unknown,NA,NA
187727,unknown,NA,NA
187728,unknown,NA,NA
187729,unknown,NA,NA
187730,unknown,NA,NA
187731,unknown,NA,NA
187733,unknown,NA,NA
187735,unknown,NA,NA
187736,unknown,NA,NA
187737,unknown,NA,NA
187738,unknown,NA,NA
187739,unknown,NA,NA
187740,unknown,NA,NA
187741,unknown,NA,NA
187742,unknown,NA,NA
187744,unknown,NA,NA
187746,unknown,NA,NA
187747,unknown,NA,NA
187748,stable,0,regr
187749,unknown,NA,NA
187750,unknown,NA,NA
187751,stable,0,regr
187752,stable,0,regr
187753,unknown,NA,NA
187754,unknown,NA,NA
187755,unknown,NA,NA
187756,stable,0,regr
187757,unknown,NA,NA
187758,stable,0,regr
187759,stable,0,regr
187762,unknown,NA,NA
187763,unknown,NA,NA
187765,unknown,NA,NA
187766,unknown,NA,NA
187767,unknown,NA,NA
187768,unknown,NA,NA
187769,unknown,NA,NA
187770,unknown,NA,NA
187772,unknown,NA,NA
187775,stable,0,regr
187777,unknown,NA,NA
187779,unknown,NA,NA
187780,unknown,NA,NA
187781,unknown,NA,NA
187782,unknown,NA,NA
187783,unknown,NA,NA
187784,stable,0,regr
187785,unknown,NA,NA
187786,unknown,NA,NA
187787,unknown,NA,NA
187790,unknown,NA,NA
187791,unknown,NA,NA
187792,unknown,NA,NA
187793,unknown,NA,NA
187794,unknown,NA,NA
187795,unknown,NA,NA
187797,unknown,NA,NA
187798,unknown,NA,NA
187799,unknown,NA,NA
187801,unknown,NA,NA
187802,unknown,NA,NA
187803,unknown,NA,NA
187805,stable,0,regr
187807,unknown,NA,NA
187808,stable,0,regr
187809,unknown,NA,NA
187810,unknown,NA,NA
187812,unknown,NA,NA
187813,unknown,NA,NA
187815,unknown,NA,NA
187935,unknown,NA,NA
187987,unknown,NA,NA
188101,stable,0,regr
188319,decreasing,0.00447,regr
189357,unknown,NA,NA
189436,stable,0,regr
189550,unknown,NA,NA
189728,unknown,NA,NA
189731,unknown,NA,NA
189736,unknown,NA,NA
189823,stable,0,regr
189824,stable,0,regr
190082,stable,0,regr
190443,stable,0,regr
190674,unknown,NA,NA
190675,unknown,NA,NA
190676,unknown,NA,NA
190679,unknown,NA,NA
190680,unknown,NA,NA
190681,unknown,NA,NA
190682,unknown,NA,NA
190683,unknown,NA,NA
190685,unknown,NA,NA
190686,unknown,NA,NA
190687,unknown,NA,NA
190688,unknown,NA,NA
190690,unknown,NA,NA
190691,unknown,NA,NA
190692,unknown,NA,NA
190693,unknown,NA,NA
190694,unknown,NA,NA
190695,unknown,NA,NA
190697,unknown,NA,NA
190698,unknown,NA,NA
190699,unknown,NA,NA
190700,unknown,NA,NA
190702,unknown,NA,NA
190703,unknown,NA,NA
190704,unknown,NA,NA
190705,unknown,NA,NA
190706,unknown,NA,NA
190707,unknown,NA,NA
190708,unknown,NA,NA
190709,unknown,NA,NA
190710,unknown,NA,NA
190711,unknown,NA,NA
190712,unknown,NA,NA
190713,unknown,NA,NA
190714,unknown,NA,NA
190715,unknown,NA,NA
190717,unknown,NA,NA
190718,unknown,NA,NA
190719,unknown,NA,NA
190721,unknown,NA,NA
190722,unknown,NA,NA
190723,unknown,NA,NA
190725,unknown,NA,NA
190726,unknown,NA,NA
190728,unknown,NA,NA
190729,unknown,NA,NA
190731,unknown,NA,NA
190732,unknown,NA,NA
190733,unknown,NA,NA
190734,unknown,NA,NA
190736,unknown,NA,NA
190738,unknown,NA,NA
190739,unknown,NA,NA
190740,unknown,NA,NA
190741,unknown,NA,NA
190742,unknown,NA,NA
190744,unknown,NA,NA
190745,unknown,NA,NA
190746,unknown,NA,NA
190747,unknown,NA,NA
190748,decreasing,0.00447,regr
190750,unknown,NA,NA
190753,unknown,NA,NA
190754,unknown,NA,NA
190755,unknown,NA,NA
190756,unknown,NA,NA
190757,unknown,NA,NA
190758,unknown,NA,NA
190759,unknown,NA,NA
190761,unknown,NA,NA
190762,stable,0,regr
190765,unknown,NA,NA
190766,unknown,NA,NA
190767,unknown,NA,NA
190768,unknown,NA,NA
190769,unknown,NA,NA
191108,decreasing,0.00447,regr
191191,stable,0,regr
191206,increasing,-0.00447,regr
191210,stable,0,regr
191211,stable,0,regr
191368,stable,0,regr
191822,stable,0,regr
191823,decreasing,0.00447,regr
192258,unknown,NA,NA
192269,unknown,NA,NA
192271,unknown,NA,NA
192276,unknown,NA,NA
192296,unknown,NA,NA
192297,unknown,NA,NA
192298,unknown,NA,NA
192304,unknown,NA,NA
192305,unknown,NA,NA
192316,NA,NA,NA
192318,unknown,NA,NA
192321,stable,0,regr
192323,unknown,NA,NA
192324,unknown,NA,NA
192327,unknown,NA,NA
192328,unknown,NA,NA
192334,unknown,NA,NA
192340,unknown,NA,NA
192342,unknown,NA,NA
192345,unknown,NA,NA
192353,unknown,NA,NA
192356,unknown,NA,NA
192362,unknown,NA,NA
192367,unknown,NA,NA
192370,unknown,NA,NA
192374,unknown,NA,NA
192378,unknown,NA,NA
192380,unknown,NA,NA
192383,unknown,NA,NA
192386,unknown,NA,NA
192393,unknown,NA,NA
192399,unknown,NA,NA
192400,unknown,NA,NA
192407,unknown,NA,NA
192408,unknown,NA,NA
192413,unknown,NA,NA
192415,unknown,NA,NA
192419,unknown,NA,NA
192420,unknown,NA,NA
192424,unknown,NA,NA
192425,unknown,NA,NA
192426,unknown,NA,NA
192428,unknown,NA,NA
192440,unknown,NA,NA
192441,unknown,NA,NA
192444,unknown,NA,NA
192447,unknown,NA,NA
192449,unknown,NA,NA
192460,unknown,NA,NA
192477,unknown,NA,NA
192498,unknown,NA,NA
192505,unknown,NA,NA
192506,NA,NA,NA
192507,unknown,NA,NA
192512,unknown,NA,NA
192521,decreasing,0.00447,regr
192525,unknown,NA,NA
192532,unknown,NA,NA
192538,unknown,NA,NA
192549,unknown,NA,NA
192553,unknown,NA,NA
192554,unknown,NA,NA
192562,unknown,NA,NA
192563,unknown,NA,NA
192564,unknown,NA,NA
192566,unknown,NA,NA
192567,unknown,NA,NA
192573,unknown,NA,NA
192578,unknown,NA,NA
192579,unknown,NA,NA
192580,unknown,NA,NA
192586,unknown,NA,NA
192587,unknown,NA,NA
192589,unknown,NA,NA
192590,unknown,NA,NA
192593,unknown,NA,NA
192599,unknown,NA,NA
192611,unknown,NA,NA
192612,unknown,NA,NA
192614,NA,NA,NA
192616,unknown,NA,NA
192624,unknown,NA,NA
192629,unknown,NA,NA
192633,unknown,NA,NA
192634,unknown,NA,NA
192636,unknown,NA,NA
192637,unknown,NA,NA
192640,unknown,NA,NA
192641,unknown,NA,NA
192647,unknown,NA,NA
192648,unknown,NA,NA
192654,unknown,NA,NA
192664,unknown,NA,NA
192667,unknown,NA,NA
192674,stable,0,regr
192681,unknown,NA,NA
192683,unknown,NA,NA
192686,unknown,NA,NA
192691,unknown,NA,NA
192692,unknown,NA,NA
192693,unknown,NA,NA
192694,unknown,NA,NA
192696,NA,NA,NA
192697,unknown,NA,NA
192699,unknown,NA,NA
192700,unknown,NA,NA
192701,unknown,NA,NA
192704,unknown,NA,NA
192707,unknown,NA,NA
192708,unknown,NA,NA
192712,unknown,NA,NA
192714,unknown,NA,NA
192716,unknown,NA,NA
192719,unknown,NA,NA
192722,unknown,NA,NA
192727,unknown,NA,NA
192728,unknown,NA,NA
192729,unknown,NA,NA
192730,unknown,NA,NA
192732,unknown,NA,NA
192737,unknown,NA,NA
192743,stable,0,regr
192754,unknown,NA,NA
192764,unknown,NA,NA
192772,unknown,NA,NA
192778,unknown,NA,NA
192786,unknown,NA,NA
192789,unknown,NA,NA
192793,unknown,NA,NA
192796,unknown,NA,NA
192798,unknown,NA,NA
192809,unknown,NA,NA
192811,unknown,NA,NA
192812,unknown,NA,NA
192815,unknown,NA,NA
192819,unknown,NA,NA
192820,unknown,NA,NA
192822,unknown,NA,NA
192829,unknown,NA,NA
192831,unknown,NA,NA
192837,NA,NA,NA
192843,unknown,NA,NA
192844,unknown,NA,NA
192847,unknown,NA,NA
192848,unknown,NA,NA
192849,unknown,NA,NA
192853,unknown,NA,NA
192859,unknown,NA,NA
192869,unknown,NA,NA
192870,unknown,NA,NA
192871,unknown,NA,NA
192873,unknown,NA,NA
192878,NA,NA,NA
192879,unknown,NA,NA
192929,stable,0,regr
192942,unknown,NA,NA
192943,stable,0,regr
192948,unknown,NA,NA
193092,stable,0,regr
193318,unknown,NA,NA
194299,decreasing,0.00447,regr
194812,unknown,NA,NA
194815,stable,0,regr
194816,unknown,NA,NA
194818,unknown,NA,NA
194821,unknown,NA,NA
194838,unknown,NA,NA
194844,stable,0,regr
194846,unknown,NA,NA
194853,unknown,NA,NA
194854,unknown,NA,NA
194855,stable,0,regr
194856,unknown,NA,NA
194857,unknown,NA,NA
194862,unknown,NA,NA
194871,unknown,NA,NA
194872,unknown,NA,NA
194873,stable,0,regr
194874,unknown,NA,NA
194875,unknown,NA,NA
194877,stable,0,regr
194879,stable,0,regr
194881,stable,0,regr
194882,stable,0,regr
194884,stable,0,regr
194887,stable,0,regr
194893,stable,0,regr
194896,stable,0,regr
194902,unknown,NA,NA
194960,stable,0,regr
195409,unknown,NA,NA
195422,unknown,NA,NA
195425,unknown,NA,NA
195427,unknown,NA,NA
195429,stable,0,regr
195431,unknown,NA,NA
195433,unknown,NA,NA
195434,unknown,NA,NA
195435,unknown,NA,NA
195444,unknown,NA,NA
195445,unknown,NA,NA
195448,stable,0,regr
195449,unknown,NA,NA
195451,unknown,NA,NA
195453,unknown,NA,NA
195455,unknown,0,lm
195456,decreasing,0.00447,regr
195458,unknown,NA,NA
195459,decreasing,0.00447,regr
195460,unknown,NA,NA
195462,unknown,NA,NA
195464,unknown,NA,NA
195465,unknown,NA,NA
195468,unknown,NA,NA
195470,unknown,NA,NA
195472,unknown,NA,NA
195473,unknown,NA,NA
195477,unknown,NA,NA
195487,stable,0,regr
195503,unknown,NA,NA
195780,unknown,NA,NA
196012,unknown,NA,NA
196013,unknown,NA,NA
196016,decreasing,0.00447,regr
196017,unknown,NA,NA
196018,unknown,NA,NA
196022,unknown,NA,NA
196025,unknown,NA,NA
196026,unknown,NA,NA
196030,unknown,NA,NA
196033,unknown,NA,NA
196034,unknown,NA,NA
196036,unknown,NA,NA
196039,unknown,NA,NA
196041,unknown,NA,NA
196043,unknown,NA,NA
196049,unknown,NA,NA
196050,unknown,NA,NA
196051,unknown,NA,NA
196052,unknown,NA,NA
196054,unknown,NA,NA
196056,decreasing,0.00447,regr
196057,unknown,NA,NA
196058,unknown,NA,NA
196060,unknown,NA,NA
196061,unknown,NA,NA
196064,unknown,NA,NA
196065,unknown,NA,NA
196069,unknown,NA,NA
196072,unknown,NA,NA
196080,unknown,NA,NA
196085,unknown,NA,NA
196086,unknown,NA,NA
196091,unknown,NA,NA
196313,stable,0,regr
196315,stable,0,regr
196317,stable,0,regr
196327,unknown,NA,NA
196339,unknown,NA,NA
196343,unknown,NA,NA
196344,unknown,NA,NA
196345,unknown,NA,NA
196351,stable,0,regr
196371,stable,0,regr
196382,unknown,NA,NA
196396,stable,0,regr
196408,stable,0,regr
196410,unknown,NA,NA
196412,unknown,NA,NA
196417,unknown,NA,NA
196421,unknown,NA,NA
196422,unknown,NA,NA
196426,unknown,NA,NA
196436,unknown,NA,NA
196447,unknown,NA,NA
196448,unknown,NA,NA
196450,unknown,NA,NA
197047,unknown,NA,NA
197054,unknown,NA,NA
198775,unknown,NA,NA
198920,decreasing,-0,lm
198921,decreasing,0.00447,regr
199622,stable,0,regr
199624,stable,0,regr
199932,unknown,NA,NA
200715,decreasing,0.00447,regr
201946,decreasing,0.00447,regr
201947,increasing,-0.00447,regr
201948,unknown,NA,NA
202053,unknown,NA,NA
202405,stable,0,regr
202406,stable,0,regr
202413,unknown,NA,NA
202415,unknown,NA,NA
202625,unknown,NA,NA
202632,decreasing,0.00447,regr
202833,stable,0,regr
14134429,unknown,NA,NA
18584848,decreasing,0.00447,regr
19014407,stable,0,regr
22680033,stable,0,lm
22680038,decreasing,0.00913,lm
22680047,stable,0,lm
22680052,decreasing,0,lm
22680405,unknown,0.00822,lm
22680409,decreasing,0,lm
22680412,decreasing,-0.01868,lm
22680415,decreasing,0.00624,lm
22680423,increasing,0,lm
22680427,decreasing,0.01909,lm
22680441,decreasing,0,lm
22680455,stable,0,lm
22680459,increasing,0,lm
22680462,increasing,0,lm
22680485,stable,0,lm
22693363,decreasing,0.00947,lm
22693369,unknown,0,lm
22693427,decreasing,0,lm
22693490,decreasing,0,lm
22693735,decreasing,0,lm
22693749,decreasing,0,lm
22694160,stable,0,lm
22694210,stable,0,lm
22694218,stable,0,lm
22694240,stable,0,lm
22694245,stable,0,lm
22694251,stable,0,lm
22694271,stable,0,lm
22694279,stable,-0.0073,lm
22694282,increasing,0,lm
22694286,stable,-0.00888,lm
22694289,stable,0,lm
22694296,unknown,0,lm
22694308,unknown,0,lm
22694317,increasing,0,lm
22694321,decreasing,0,lm
22694324,unknown,0,lm
22694329,increasing,0,lm
22694334,increasing,0,lm
22694337,increasing,0,lm
22694340,stable,0,lm
22694343,stable,0,lm
22694346,stable,0,lm
22694362,unknown,0,lm
22694373,increasing,0,lm
22694469,increasing,0,lm
22694473,decreasing,0.01055,lm
22694476,unknown,0,lm
22694479,stable,0,lm
22694497,decreasing,0.00835,lm
22694502,decreasing,-0,lm
22694524,increasing,0,lm
22694542,stable,0,lm
22694552,stable,0,lm
22694561,stable,0,lm
22694571,stable,0,lm
22694591,stable,0,lm
22694607,decreasing,0,lm
22694612,unknown,0,lm
22694618,decreasing,0,lm
22694623,unknown,0,lm
22694629,decreasing,0,lm
22694635,unknown,0,lm
22694641,stable,-0.00934,lm
22694646,increasing,0,lm
22694651,stable,0,lm
22694656,decreasing,0,lm
22694666,decreasing,0,lm
22694673,decreasing,0,lm
22694699,decreasing,0.00431,lm
22694705,decreasing,0,lm
22694716,decreasing,0.00713,lm
22694722,unknown,0,lm
22694730,unknown,0,lm
22694740,unknown,0,lm
22694750,decreasing,0.00939,lm
22694764,stable,0,lm
22694782,stable,0,lm
22694799,stable,0,lm
22694821,stable,0,lm
22694834,decreasing,0.0109,lm
22694837,decreasing,0,lm
22694841,increasing,0,lm
22694847,increasing,0,lm
22694852,decreasing,0.00947,lm
22694861,unknown,0,lm
22694864,stable,0,lm
22694867,decreasing,0,lm
22694870,decreasing,0.00732,lm
22694875,decreasing,0.01961,lm
22694896,decreasing,0,lm
22694899,decreasing,0,lm
22694903,decreasing,0.00822,lm
22694918,decreasing,0,lm
22694924,decreasing,0,lm
22694927,decreasing,0.01893,lm
22694931,decreasing,0,lm
22694934,decreasing,0,lm
22696637,decreasing,0,lm
22696657,increasing,0,lm
22696668,decreasing,0.00888,lm
22696675,increasing,0,lm
22696683,stable,0,lm
22696686,stable,0,lm
22696734,increasing,-0.01198,lm
22696753,decreasing,0,lm
22696756,stable,-0.00285,lm
22696766,decreasing,0.01473,lm
22696770,unknown,0,lm
22696773,increasing,0,lm
22696776,increasing,0,lm
22696779,unknown,0,lm
22696788,unknown,0,lm
22696792,increasing,0,lm
22696799,unknown,0,lm
22696802,decreasing,0.0059,lm
22696806,decreasing,0.02625,lm
22696883,unknown,0,lm
22696887,decreasing,0,lm
22696894,decreasing,0,lm
22696898,decreasing,0,lm
22696901,unknown,0,lm
22696907,decreasing,0.01094,lm
22697590,unknown,0,lm
22697599,decreasing,-0.00408,lm
22697604,decreasing,-0.01099,lm
22697608,stable,0,lm
22697611,increasing,0,lm
22697619,increasing,0.01229,lm
22697724,increasing,0,lm
22697733,decreasing,0,lm
22697742,decreasing,0.01507,lm
22697852,increasing,-0.01114,lm
22697866,increasing,0,lm
22697970,decreasing,0.01444,lm
22698080,stable,0,lm
22698172,decreasing,0.00947,lm
22698175,decreasing,0,lm
22698226,unknown,0,lm
22698240,decreasing,0.0089,lm
22698305,decreasing,0,lm
22698320,decreasing,0.02985,lm
22698375,increasing,-0.01888,lm
22698388,unknown,0,lm
22698398,decreasing,0.01496,lm
22698425,decreasing,0.01173,lm
22698448,decreasing,0.00557,lm
22698511,decreasing,0.01651,lm
22698562,decreasing,0.02068,lm
22724836,decreasing,-0.06,lm
22724879,unknown,0,lm
22728328,stable,-0.00674,lm
22728372,decreasing,0.00587,lm
22728950,decreasing,0,lm
22728990,decreasing,0,lm
22729000,decreasing,0.0102,lm
22729421,decreasing,0,lm
22729604,unknown,0,lm
22733989,increasing,0,lm
22735929,increasing,0,lm
22736173,decreasing,0,lm
